Date,Open,High,Low,Close,Volume,Stock
,SUPREMEIND.BO,SUPREMEIND.BO,SUPREMEIND.BO,SUPREMEIND.BO,SUPREMEIND.BO,
2020-01-01,1107.6827631482588,1107.6827631482588,1074.7306237785883,1080.5540771484375,218,SUPREMEIND.BO
2020-01-02,1074.7307718169875,1084.9099399200998,1071.7954069235175,1082.96875,251,SUPREMEIND.BO
2020-01-03,1085.477724465477,1101.5277330355461,1085.0516661197978,1088.2237548828125,307,SUPREMEIND.BO
2020-01-06,1079.464876280717,1081.5480078768326,1071.9370753524838,1078.0919189453125,708,SUPREMEIND.BO
2020-01-07,1079.4649963224763,1087.0875804704128,1079.1808803512934,1083.583984375,355,SUPREMEIND.BO
2020-01-08,1077.2397470378517,1091.1591170919376,1071.889744189922,1086.8980712890625,583,SUPREMEIND.BO
2020-01-09,1086.0931576873754,1132.4912088876208,1086.0931576873754,1127.7567138671875,3034,SUPREMEIND.BO
2020-01-10,1136.2789582925652,1144.0908761308265,1122.075471313908,1135.28466796875,2012,SUPREMEIND.BO
2020-01-13,1150.4825459193862,1159.0046388521223,1136.042332894472,1153.7020263671875,2455,SUPREMEIND.BO
2020-01-14,1155.6428519717538,1158.4362734077197,1141.0606996700315,1147.6416015625,7138,SUPREMEIND.BO
2020-01-15,1144.5643657958858,1154.554198222838,1143.8541914220723,1150.7666015625,354,SUPREMEIND.BO
2020-01-16,1151.4294766084838,1183.1506011696551,1151.4294766084838,1166.3431396484375,3903,SUPREMEIND.BO
2020-01-17,1176.0486903731107,1235.703334087689,1169.8464549896999,1221.736572265625,9383,SUPREMEIND.BO
2020-01-20,1240.4379928491642,1278.266570899594,1240.4379928491642,1250.66455078125,58647,SUPREMEIND.BO
2020-01-21,1261.9799462089518,1268.844965612452,1239.6331475441805,1249.5281982421875,3285,SUPREMEIND.BO
2020-01-22,1249.9068561310935,1252.9842783147496,1226.6131605663052,1244.414794921875,2097,SUPREMEIND.BO
2020-01-23,1254.6413286176457,1264.0156529830845,1248.6285423490947,1251.8480224609375,1539,SUPREMEIND.BO
2020-01-24,1268.8448730975908,1268.8448730975908,1228.459600847389,1251.1851806640625,5077,SUPREMEIND.BO
2020-01-27,1263.5424219197107,1295.3582145992266,1249.1022079046243,1281.06005859375,4914,SUPREMEIND.BO
2020-01-28,1283.9953629910806,1288.3984675526228,1259.281316068865,1279.071533203125,23054,SUPREMEIND.BO
2020-01-29,1278.313872580201,1289.6292713651371,1271.6855784260815,1280.5390625,1441,SUPREMEIND.BO
2020-01-30,1283.0484971430947,1309.0882267899103,1277.31971038548,1304.0223388671875,3726,SUPREMEIND.BO
2020-01-31,1301.986481212311,1334.18105602047,1290.6710813018176,1320.8770751953125,3080,SUPREMEIND.BO
2020-02-03,1280.2076020231495,1289.1084768116746,1254.6413259472433,1259.8018798828125,2715,SUPREMEIND.BO
2020-02-04,1268.1348268142403,1281.107300367878,1264.110504981901,1276.7515869140625,831,SUPREMEIND.BO
2020-02-05,1287.7355095336998,1301.9863886042806,1281.6280559824681,1299.619140625,2471,SUPREMEIND.BO
2020-02-06,1307.2889997056097,1307.2889997056097,1276.0413264090953,1283.33251953125,2292,SUPREMEIND.BO
2020-02-07,1295.452673465088,1320.924283117408,1279.9235046534368,1316.0477294921875,2574,SUPREMEIND.BO
2020-02-10,1321.8711793785149,1322.8654696957346,1296.730961357748,1310.9344482421875,1739,SUPREMEIND.BO
2020-02-11,1322.818052011358,1325.6587493313539,1280.6336505741133,1320.072021484375,4496,SUPREMEIND.BO
2020-02-12,1311.4554743841104,1317.6577107690402,1303.8802803082456,1316.5213623046875,2339,SUPREMEIND.BO
2020-02-13,1316.1895482105153,1319.9771440327038,1300.7550489997964,1318.1307373046875,23545,SUPREMEIND.BO
2020-02-14,1318.0834399474902,1334.0860565530104,1315.242742878638,1329.919677734375,2865,SUPREMEIND.BO
2020-02-17,1331.3402709683596,1337.0216661503014,1316.2372750116767,1325.564208984375,861,SUPREMEIND.BO
2020-02-18,1311.4554168114462,1325.6589050801622,1311.4554168114462,1319.6461181640625,1683,SUPREMEIND.BO
2020-02-19,1338.8679802345544,1338.8679802345544,1312.40219575461,1323.43359375,1764,SUPREMEIND.BO
2020-02-20,1323.7651990854795,1323.859865896225,1303.3594732791385,1314.580322265625,1875,SUPREMEIND.BO
2020-02-24,1316.1896965620497,1318.6043354061562,1307.0520974934443,1314.2958984375,1219,SUPREMEIND.BO
2020-02-25,1311.4555082163045,1332.9500757257604,1296.3525108732456,1322.7236328125,1860,SUPREMEIND.BO
2020-02-26,1320.924403857473,1320.924403857473,1304.164334000831,1313.7752685546875,996,SUPREMEIND.BO
2020-02-27,1302.0811459663719,1314.9589527516614,1259.7547953883236,1300.424072265625,2521,SUPREMEIND.BO
2020-02-28,1287.7354628261292,1287.7354628261292,1216.718026023594,1238.307373046875,5819,SUPREMEIND.BO
2020-03-02,1254.641507792987,1257.3875387390217,1194.7501301568313,1249.29150390625,13630,SUPREMEIND.BO
2020-03-03,1241.7635793554662,1242.9944789083333,1220.3636814947972,1233.383544921875,3072,SUPREMEIND.BO
2020-03-04,1216.7654950880599,1233.7622898152606,1147.6418521764424,1172.6400146484375,2440,SUPREMEIND.BO
2020-03-05,1176.0488865224813,1185.3758211602556,1157.7736844821063,1175.7647705078125,909,SUPREMEIND.BO
2020-03-06,1164.596256892425,1186.5517600961346,1155.0503859342903,1179.2491455078125,2153,SUPREMEIND.BO
2020-03-09,1178.9147674619362,1178.9147674619362,1132.4740936002988,1146.029296875,1447,SUPREMEIND.BO
2020-03-11,1140.7312944118164,1155.0023213169932,1130.9467791250204,1138.96533203125,2439,SUPREMEIND.BO
2020-03-12,1121.6397544630468,1121.6397544630468,1054.1981578361554,1074.864990234375,4309,SUPREMEIND.BO
2020-03-13,1074.5784031267206,1076.6307882220044,998.2114528033728,1053.720703125,3196,SUPREMEIND.BO
2020-03-16,1050.0455217302137,1050.0455217302137,998.5456084342218,1015.3463134765625,1529,SUPREMEIND.BO
2020-03-17,954.7778538184815,1010.6689066117281,944.038750914697,993.2954711914062,5246,SUPREMEIND.BO
2020-03-18,982.7950332184506,984.2269136321379,931.0563510211846,943.8478393554688,4650,SUPREMEIND.BO
2020-03-19,945.0411425059783,945.0411425059783,873.4471165585556,897.6458740234375,3785,SUPREMEIND.BO
2020-03-20,914.4942494889532,917.1193634619121,878.2199473171576,902.6573486328125,5475,SUPREMEIND.BO
2020-03-23,879.174493667842,879.174493667842,760.8057236191858,806.7691040039062,4079,SUPREMEIND.BO
2020-03-24,804.7168220097353,864.044425965028,789.0138545776315,820.849365234375,4629,SUPREMEIND.BO
2020-03-25,830.490589185921,830.490589185921,798.416493184774,814.6444702148438,551,SUPREMEIND.BO
2020-03-26,832.8770836247397,887.7181135630753,803.4758182852722,859.3191528320312,1924,SUPREMEIND.BO
2020-03-27,937.4043534981638,937.4043534981638,813.1648428121816,843.998046875,2516,SUPREMEIND.BO
2020-03-30,800.9461471057731,866.4308450646,800.9461471057731,834.356689453125,1322,SUPREMEIND.BO
2020-03-31,878.1723773560027,878.1723773560027,816.171936166472,829.154296875,1400,SUPREMEIND.BO
2020-04-01,834.3088689152943,837.220347022568,796.5072546816824,798.36865234375,1420,SUPREMEIND.BO
2020-04-03,798.9892218356488,801.4234067369564,755.2214365135559,760.1852416992188,3825,SUPREMEIND.BO
2020-04-07,787.5342811950665,790.398042217594,760.6149159306344,780.613525390625,2221,SUPREMEIND.BO
2020-04-08,779.9451860373199,825.7176378457165,779.9451860373199,817.6513671875,1643,SUPREMEIND.BO
2020-04-09,821.0402350331212,896.5003821224274,821.0402350331212,853.4007568359375,5064,SUPREMEIND.BO
2020-04-13,851.8734209137655,864.3784867037475,830.4906498423637,859.2236938476562,2146,SUPREMEIND.BO
2020-04-15,881.9429555852684,978.5948896618373,881.0360862795309,960.1235961914062,8971,SUPREMEIND.BO
2020-04-16,961.2690490943721,974.871912996651,911.8691749229383,919.31494140625,2387,SUPREMEIND.BO
2020-04-17,919.3149189621635,953.9664124040538,919.3149189621635,939.5044555664062,2818,SUPREMEIND.BO
2020-04-20,945.9957140169519,952.3914585494572,934.0156588574024,941.46142578125,1914,SUPREMEIND.BO
2020-04-21,935.4952134949434,951.7231916882231,917.3580613965721,934.683837890625,1610,SUPREMEIND.BO
2020-04-22,930.9132493308022,1011.8622148675314,923.0856243178329,989.5726318359375,6808,SUPREMEIND.BO
2020-04-23,1000.8367127319243,1042.4090239898321,995.4433892998856,1023.174072265625,2890,SUPREMEIND.BO
2020-04-24,1002.3640784365191,1008.0438242065371,985.8974534672361,992.9613037109375,1184,SUPREMEIND.BO
2020-04-27,1004.225577774417,1107.130108495457,1004.225577774417,1084.88818359375,6378,SUPREMEIND.BO
2020-04-28,1098.9204936149122,1103.5503337265811,1047.5637835933753,1053.0048828125,4051,SUPREMEIND.BO
2020-04-29,1052.9093889189248,1052.9093889189248,1025.942308015063,1041.454345703125,1859,SUPREMEIND.BO
2020-04-30,1059.5916738368687,1060.5462609304154,1022.171906380535,1043.0772705078125,2725,SUPREMEIND.BO
2020-05-04,1036.6814582749744,1036.6814582749744,921.1764339183704,943.0364990234375,4442,SUPREMEIND.BO
2020-05-05,957.4506985110526,961.0303995274198,930.3881821326605,949.9572143554688,1159,SUPREMEIND.BO
2020-05-06,958.2143951643926,959.3599111886341,935.4952367809567,938.5499267578125,1090,SUPREMEIND.BO
2020-05-07,948.4297818315773,968.3806709049456,944.2773522139112,955.3982543945312,1196,SUPREMEIND.BO
2020-05-08,969.8602837034804,970.2421417661881,930.7699387657124,944.1341552734375,913,SUPREMEIND.BO
2020-05-11,914.351144497911,956.2098198570097,914.351144497911,929.2427368164062,1338,SUPREMEIND.BO
2020-05-12,945.0410340926027,945.0410340926027,877.074434937513,887.8135375976562,2430,SUPREMEIND.BO
2020-05-13,927.8584582752453,927.8584582752453,881.7042053896345,888.0044555664062,2334,SUPREMEIND.BO
2020-05-14,880.4631698941615,892.5387170179835,859.1281768087541,860.082763671875,1806,SUPREMEIND.BO
2020-05-15,859.1759544579551,875.0698501434366,852.9711394146584,867.3854370117188,1261,SUPREMEIND.BO
2020-05-18,872.0152233916388,872.0152233916388,838.1751026319773,843.5685424804688,1209,SUPREMEIND.BO
2020-05-19,849.6301802886443,873.4471385049222,835.2636570402262,867.767333984375,3058,SUPREMEIND.BO
2020-05-20,859.1282381985675,876.5017320014776,859.1282381985675,872.587890625,799,SUPREMEIND.BO
2020-05-21,882.9929949207273,888.052294482194,862.9943851668761,871.012939453125,753,SUPREMEIND.BO
2020-05-22,882.9928143602033,952.6776526826842,876.7879999890234,934.2064208984375,10276,SUPREMEIND.BO
2020-05-26,946.9503520377635,956.9735160462277,931.7246769627083,945.9003295898438,1672,SUPREMEIND.BO
2020-05-27,936.9746877367963,941.2226107666598,927.5720308027355,934.2064208984375,1645,SUPREMEIND.BO
2020-05-28,935.4951795897994,946.8070112621476,933.1564299881525,939.7431030273438,546,SUPREMEIND.BO
2020-05-29,926.044772556652,981.410815397592,926.044772556652,972.628662109375,1917,SUPREMEIND.BO
2020-06-01,983.2245793168363,1012.9122107850375,976.5424705253627,980.9813232421875,1549,SUPREMEIND.BO
2020-06-02,991.8158282127096,1004.7027518709112,991.8158282127096,994.7750244140625,1778,SUPREMEIND.BO
2020-06-03,979.4063077962664,1032.8631822958678,979.4063077962664,1015.012451171875,2210,SUPREMEIND.BO
2020-06-04,1038.5906817244224,1039.1634106332615,1009.5712129003047,1012.3395385742188,1562,SUPREMEIND.BO
2020-06-05,1038.590565377168,1057.6823037113072,1022.8398812515035,1027.4696044921875,1038,SUPREMEIND.BO
2020-06-08,1031.0017846377139,1043.2682048615056,1015.6806159536573,1032.9586181640625,2259,SUPREMEIND.BO
2020-06-09,1012.8168289226917,1043.363613583885,1012.8168289226917,1031.9085693359375,1052,SUPREMEIND.BO
2020-06-10,973.6309184402829,1040.499719004359,973.6309184402829,1036.108642578125,1339,SUPREMEIND.BO
2020-06-11,1010.907651420323,1040.356637601583,1010.907651420323,1030.71533203125,701,SUPREMEIND.BO
2020-06-12,966.996548000891,1037.206462435337,966.996548000891,1027.9468994140625,870,SUPREMEIND.BO
2020-06-15,1007.0891240444658,1037.6359031624022,1007.0891240444658,1025.989990234375,744,SUPREMEIND.BO
2020-06-16,1030.6198234894937,1044.318122911553,1021.4558120782478,1039.163330078125,4003,SUPREMEIND.BO
2020-06-17,1050.0456472667288,1092.238343937119,1027.135560417273,1032.3380126953125,1859655,SUPREMEIND.BO
2020-06-18,1078.9218172757014,1086.7017236253248,1047.3250149656276,1067.8486328125,7842,SUPREMEIND.BO
2020-06-22,1092.4295138468246,1109.3256591118547,1080.306187613163,1082.549560546875,1728,SUPREMEIND.BO
2020-06-23,1090.9020122106635,1138.3449369775703,1090.9020122106635,1134.908447265625,5119,SUPREMEIND.BO
2020-06-24,1134.9085084807123,1134.9085084807123,1077.6809478705322,1098.8250732421875,2199,SUPREMEIND.BO
2020-06-25,1079.3993350034489,1095.8659620463934,1073.4331657849907,1078.1583251953125,1330,SUPREMEIND.BO
2020-06-26,1084.8402428738814,1092.047420625939,1061.0233461763385,1078.5877685546875,1775,SUPREMEIND.BO
2020-06-29,1064.4120550872808,1093.0018830596869,1064.4120550872808,1071.04638671875,2217,SUPREMEIND.BO
2020-06-30,1072.9558764670933,1136.9132107404876,1067.228353994849,1069.66259765625,2142,SUPREMEIND.BO
2020-07-01,1076.7739812686907,1081.546915582825,1067.3235480213616,1070.3782958984375,701,SUPREMEIND.BO
2020-07-02,1077.394536280958,1091.140611052079,1073.9102707638021,1086.6063232421875,1326,SUPREMEIND.BO
2020-07-06,1086.3198890422952,1109.27775053125,1086.3198890422952,1107.32080078125,1471,SUPREMEIND.BO
2020-07-07,1113.3348743870997,1120.6851477402904,1085.4608638287964,1093.908935546875,24303,SUPREMEIND.BO
2020-07-08,1107.3209757280886,1111.9984755688395,1081.8335481560773,1083.6949462890625,841,SUPREMEIND.BO
2020-07-09,1107.3207720588234,1107.3207720588234,1052.1933801739985,1058.87548828125,1213,SUPREMEIND.BO
2020-07-10,1059.5914639007774,1068.1827460405136,1041.4543127168904,1055.248046875,1831,SUPREMEIND.BO
2020-07-13,1059.591223556772,1082.5013040661077,1053.8637034294381,1063.74365234375,2425,SUPREMEIND.BO
2020-07-14,1067.944158018538,1072.9557395422005,1046.131869358991,1064.8895263671875,1975,SUPREMEIND.BO
2020-07-15,1062.3119780356565,1097.7749036637013,1053.4343900351023,1090.7109375,1819,SUPREMEIND.BO
2020-07-16,1091.0929078248716,1144.5497781994936,1077.8241256229678,1102.9298095703125,3859,SUPREMEIND.BO
2020-07-17,1135.9583766392811,1135.9583766392811,1102.4524007681216,1121.8304443359375,1992,SUPREMEIND.BO
2020-07-20,1122.5942256736575,1122.5942256736575,1098.3954703898637,1103.216064453125,923,SUPREMEIND.BO
2020-07-21,1120.5897421568468,1120.5897421568468,1093.574882492657,1111.7120361328125,2566,SUPREMEIND.BO
2020-07-22,1098.2524928012847,1110.8053368631204,1095.245520037157,1108.1324462890625,409,SUPREMEIND.BO
2020-07-23,1111.5210748475001,1111.5210748475001,1091.4269728134473,1097.2022705078125,1114,SUPREMEIND.BO
2020-07-24,1097.822877666675,1097.822877666675,1078.683360804536,1082.501708984375,1540,SUPREMEIND.BO
2020-07-27,1099.7317753559125,1128.2261681809862,1099.6839994049767,1119.396240234375,6883,SUPREMEIND.BO
2020-07-28,1121.6395649774258,1172.5190914292164,1121.6395649774258,1165.64599609375,3827,SUPREMEIND.BO
2020-07-29,1174.1418283334363,1221.155230809389,1174.1418283334363,1207.5523681640625,2931,SUPREMEIND.BO
2020-07-30,1175.6691553582255,1215.7141441155486,1175.6691553582255,1203.8294677734375,2916,SUPREMEIND.BO
2020-07-31,1206.454539395009,1239.960513756148,1206.454539395009,1229.1259765625,2404,SUPREMEIND.BO
2020-08-03,1228.553508667549,1245.73607522234,1226.6443346059057,1234.853759765625,1019,SUPREMEIND.BO
2020-08-04,1231.3217270801908,1244.5905089578832,1219.9621190978,1239.6265869140625,635,SUPREMEIND.BO
2020-08-05,1243.4927128403303,1246.165486382397,1219.9621212341847,1240.342529296875,2756,SUPREMEIND.BO
2020-08-06,1245.8789135969946,1252.3700335472593,1235.283024032368,1240.9627685546875,269,SUPREMEIND.BO
2020-08-07,1241.8221827675543,1244.0176628298125,1193.2336838556087,1206.8365478515625,2025,SUPREMEIND.BO
2020-08-10,1206.5977527006173,1217.0982078269676,1189.2243190113409,1198.4837646484375,2431,SUPREMEIND.BO
2020-08-11,1209.3183427238835,1213.804970890959,1187.601491615098,1196.52685546875,1246,SUPREMEIND.BO
2020-08-12,1193.949729191809,1207.4093830254617,1173.1874612646277,1175.8603515625,689,SUPREMEIND.BO
2020-08-13,1183.1152731557124,1195.4294700313937,1149.0842197897168,1162.257568359375,10861,SUPREMEIND.BO
2020-08-14,1162.2574284127136,1165.9802244271118,1145.5998156340036,1156.291259765625,1907,SUPREMEIND.BO
2020-08-17,1127.7012137899007,1158.5820767756907,1127.7012137899007,1141.3040771484375,66673,SUPREMEIND.BO
2020-08-18,1163.59380607566,1197.0521278712733,1163.450711243476,1190.4654541015625,1162,SUPREMEIND.BO
2020-08-19,1200.7273513172606,1223.1124885584259,1200.7273513172606,1220.29638671875,693,SUPREMEIND.BO
2020-08-20,1225.6421576459989,1245.8316997176796,1225.6421576459989,1239.5792236328125,1000,SUPREMEIND.BO
2020-08-21,1253.3727060264175,1313.4162504353903,1253.3727060264175,1302.533935546875,9033,SUPREMEIND.BO
2020-08-24,1326.7805756759335,1336.899175188866,1294.4678270568668,1312.8436279296875,4496,SUPREMEIND.BO
2020-08-25,1344.9654353165,1345.9677983727945,1262.2982165373921,1286.115234375,2776,SUPREMEIND.BO
2020-08-26,1299.2405348717507,1299.5268410230772,1265.3527002343253,1270.459716796875,1113,SUPREMEIND.BO
2020-08-27,1295.899451411388,1297.1881203799799,1265.782189065397,1285.4466552734375,2356,SUPREMEIND.BO
2020-08-28,1292.46294673468,1292.46294673468,1266.2595817220974,1270.74609375,2234,SUPREMEIND.BO
2020-08-31,1270.5552913493887,1300.1474882177818,1264.1118291280452,1276.1873779296875,2617,SUPREMEIND.BO
2020-09-01,1267.1185537017398,1293.4651263274964,1250.5087199180962,1281.8192138671875,3298,SUPREMEIND.BO
2020-09-02,1265.78227039529,1301.9611383823706,1264.0639673089502,1295.4222412109375,635,SUPREMEIND.BO
2020-09-03,1298.3335802645258,1303.011079238932,1276.5690695163455,1286.16259765625,1360,SUPREMEIND.BO
2020-09-04,1276.4260250599248,1345.9198884555803,1270.7939384779436,1317.234619140625,3675,SUPREMEIND.BO
2020-09-07,1316.9003155306598,1365.0591747711671,1308.7385514764126,1355.751953125,8126,SUPREMEIND.BO
2020-09-08,1370.7867241792046,1384.1031641996465,1283.2511561608985,1301.626953125,5440,SUPREMEIND.BO
2020-09-09,1303.0113067701143,1311.6980255099008,1235.1401916788648,1303.2977294921875,7176,SUPREMEIND.BO
2020-09-10,1295.8995469209406,1324.5371551190235,1278.4305593094196,1308.9295654296875,2120,SUPREMEIND.BO
2020-09-11,1308.738840621183,1325.4441139332696,1255.281966022506,1265.591552734375,2259,SUPREMEIND.BO
2020-09-14,1256.2364298224736,1314.4662339403847,1256.2364298224736,1305.206787109375,1743,SUPREMEIND.BO
2020-09-15,1328.7850849166432,1343.3425364575762,1308.9296289911042,1337.9490966796875,1326,SUPREMEIND.BO
2020-09-16,1344.0584113203029,1354.0337982311303,1324.584814441851,1349.022216796875,1967,SUPREMEIND.BO
2020-09-17,1341.2899470194336,1364.7251005772926,1339.667196000376,1350.8358154296875,1595,SUPREMEIND.BO
2020-09-18,1358.7590960434302,1391.6923460149517,1303.0111945254218,1356.4202880859375,2931,SUPREMEIND.BO
2020-09-21,1368.8777313442888,1405.2952479904889,1308.7387515153555,1384.151123046875,3709,SUPREMEIND.BO
2020-09-22,1379.3780609752064,1379.3780609752064,1318.3799351810626,1335.3238525390625,1828,SUPREMEIND.BO
2020-09-23,1307.8318698681123,1355.5134404040289,1307.8318698681123,1352.0291748046875,742,SUPREMEIND.BO
2020-09-24,1306.447684310259,1336.3263026353798,1306.447684310259,1316.0889892578125,1301,SUPREMEIND.BO
2020-09-25,1328.7849701567034,1328.7849701567034,1304.3475687235336,1315.56396484375,625,SUPREMEIND.BO
2020-09-28,1314.2274160500458,1368.2093478088188,1296.8062064310784,1359.9521484375,3076,SUPREMEIND.BO
2020-09-29,1333.0804846124452,1379.6643677065433,1325.8256481375836,1338.4261474609375,2417,SUPREMEIND.BO
2020-09-30,1338.3309032339694,1340.2400771330192,1311.793339426485,1336.3262939453125,1184,SUPREMEIND.BO
2020-10-01,1346.540302857992,1355.513443323365,1321.052878386475,1352.9837646484375,449,SUPREMEIND.BO
2020-10-05,1352.6495940196642,1360.0954182121109,1300.0995402454046,1307.831787109375,2622,SUPREMEIND.BO
2020-10-06,1299.1928202672177,1331.7442114887735,1284.7785808348444,1297.8087158203125,1154,SUPREMEIND.BO
2020-10-07,1288.692323128919,1302.9633507632504,1266.3549662226733,1284.4444580078125,2493,SUPREMEIND.BO
2020-10-08,1302.056624200868,1302.056624200868,1265.7823194210785,1271.5576171875,2745,SUPREMEIND.BO
2020-10-09,1265.8776528195015,1310.456930544168,1263.5866209758121,1302.295166015625,1053,SUPREMEIND.BO
2020-10-12,1303.0113349514165,1315.3731907492338,1279.433081215373,1281.008056640625,991,SUPREMEIND.BO
2020-10-13,1287.4515352748579,1361.2411624295994,1272.0827067463235,1318.5711669921875,3207,SUPREMEIND.BO
2020-10-14,1320.4324185571163,1355.4657135412529,1301.7701967916864,1343.2470703125,1681,SUPREMEIND.BO
2020-10-15,1340.1444737231143,1350.7403642290383,1329.2621605575519,1345.82421875,1181,SUPREMEIND.BO
2020-10-16,1344.4401708657106,1352.7450300231117,1315.6593534330275,1347.20849609375,2426,SUPREMEIND.BO
2020-10-19,1331.6488430294808,1347.8290458018346,1325.9213211239778,1336.9945068359375,1149,SUPREMEIND.BO
2020-10-20,1335.8965299282738,1367.111590056761,1325.5392858389635,1350.4539794921875,1653,SUPREMEIND.BO
2020-10-21,1352.1247099704503,1371.741519437399,1343.5812029284195,1360.1910400390625,1781,SUPREMEIND.BO
2020-10-22,1360.2864359996013,1416.2252092904494,1360.1432246483605,1395.415283203125,4728,SUPREMEIND.BO
2020-10-23,1416.6067274305556,1427.584474981399,1347.0651064681629,1353.126708984375,4273,SUPREMEIND.BO
2020-10-26,1361.2409529257366,1374.6051698548813,1343.1992367660466,1356.7066650390625,1802,SUPREMEIND.BO
2020-10-27,1353.8908415333124,1427.1076206792022,1352.2679736539556,1419.6141357421875,2823,SUPREMEIND.BO
2020-10-28,1428.0619486779315,1431.6894253721582,1380.9531102404567,1392.93310546875,4795,SUPREMEIND.BO
2020-10-29,1387.0147444530141,1408.0634318862683,1370.1662626207635,1402.956298828125,1573,SUPREMEIND.BO
2020-10-30,1430.8780189333754,1430.8780189333754,1367.159341942771,1380.284912109375,865,SUPREMEIND.BO
2020-11-02,1388.9240378871787,1395.272064527198,1383.6260336061957,1385.2489013671875,989,SUPREMEIND.BO
2020-11-03,1398.7084739607908,1415.2228741626907,1386.0601973663663,1399.09033203125,2131,SUPREMEIND.BO
2020-11-04,1389.496583754339,1399.4243102153707,1368.92530722757,1373.4595947265625,1372,SUPREMEIND.BO
2020-11-05,1394.7254145504833,1417.7153939112054,1378.3929032730707,1379.7340087890625,2299,SUPREMEIND.BO
2020-11-06,1389.313039116579,1407.9445700036165,1381.7934241120115,1384.762939453125,2355,SUPREMEIND.BO
2020-11-09,1393.815411121039,1397.838610648801,1369.819573909738,1373.8427734375,2993,SUPREMEIND.BO
2020-11-10,1346.8775667792129,1393.5759623556798,1346.8775667792129,1379.7340087890625,1240,SUPREMEIND.BO
2020-11-11,1381.0751557583583,1401.430867261646,1350.7092705478644,1361.868896484375,1997,SUPREMEIND.BO
2020-11-12,1365.7965375774081,1365.7965375774081,1328.4378174614292,1332.7962646484375,2547,SUPREMEIND.BO
2020-11-13,1333.418814800922,1341.848520748184,1322.019593213062,1340.45947265625,1476,SUPREMEIND.BO
2020-11-14,1362.5394138944698,1362.5394138944698,1329.012361962682,1341.56103515625,751,SUPREMEIND.BO
2020-11-17,1347.7875116757662,1388.4989326041386,1347.7875116757662,1381.69775390625,1401,SUPREMEIND.BO
2020-11-18,1393.7675649897496,1448.8956690586272,1380.3567430585767,1435.867919921875,6691,SUPREMEIND.BO
2020-11-19,1446.452904851324,1483.763679696606,1446.452904851324,1473.897216796875,5405,SUPREMEIND.BO
2020-11-20,1489.5591273523166,1578.645300242198,1464.9885627331676,1558.9600830078125,8204,SUPREMEIND.BO
2020-11-23,1626.5409595388471,1628.4567910577387,1588.224329161018,1622.421875,4825,SUPREMEIND.BO
2020-11-24,1621.7516076517436,1661.984075177658,1614.0882805039503,1645.3642578125,10305,SUPREMEIND.BO
2020-11-25,1633.2465547568686,1653.6502095162166,1553.3563479880086,1565.282470703125,3255,SUPREMEIND.BO
2020-11-26,1581.5188980975363,1581.5188980975363,1505.8435540940807,1525.67236328125,3692,SUPREMEIND.BO
2020-11-27,1503.927666085196,1661.0258426698915,1478.7344361157636,1577.3519287109375,5744,SUPREMEIND.BO
2020-12-01,1582.4769735933971,1653.745935742332,1578.8368466145603,1651.8779296875,8877,SUPREMEIND.BO
2020-12-02,1666.5341306964756,1666.5341306964756,1615.0461528117592,1648.7169189453125,4909,SUPREMEIND.BO
2020-12-03,1652.4047107609754,1652.4047107609754,1524.0439969975141,1549.7161865234375,12049,SUPREMEIND.BO
2020-12-04,1564.2764538727884,1598.761421625036,1537.2153333449828,1592.6307373046875,15090,SUPREMEIND.BO
2020-12-07,1593.5887222890487,1637.7007922279251,1590.1402487506639,1626.3973388671875,3026,SUPREMEIND.BO
2020-12-08,1634.2523261746815,1646.0346205625515,1586.3565353302909,1601.8267822265625,3167,SUPREMEIND.BO
2020-12-09,1627.4991064348485,1660.0682468814553,1599.9110818715444,1655.8533935546875,8803,SUPREMEIND.BO
2020-12-10,1653.3627531389966,1695.7025868343271,1615.6687879184185,1650.6805419921875,11383,SUPREMEIND.BO
2020-12-11,1628.50477876946,1653.2668784510495,1613.9443886623505,1626.9241943359375,1690,SUPREMEIND.BO
2020-12-14,1638.0362152223984,1674.4370200051183,1638.0362152223984,1666.3905029296875,2398,SUPREMEIND.BO
2020-12-15,1689.2367403718818,1700.3007157461714,1618.925807137641,1626.82861328125,4660,SUPREMEIND.BO
2020-12-16,1646.7532211688192,1676.3528462404845,1616.4831017318957,1651.0638427734375,6053,SUPREMEIND.BO
2020-12-17,1651.4947530259853,1672.5209576968812,1630.085241722062,1648.477294921875,3186,SUPREMEIND.BO
2020-12-18,1652.4049107433552,1673.4790603296472,1630.85180321192,1662.89404296875,4276,SUPREMEIND.BO
2020-12-21,1684.9739720197101,1684.9739720197101,1580.5611448735199,1606.137451171875,3501,SUPREMEIND.BO
2020-12-22,1618.2552241088586,1647.9985599783374,1561.642417041763,1580.32177734375,2326,SUPREMEIND.BO
2020-12-23,1587.0270319857677,1637.988106746648,1587.0270319857677,1596.9893798828125,630705,SUPREMEIND.BO
2020-12-24,1607.8616595366116,1616.0039437821051,1590.2359855479856,1600.150390625,1635,SUPREMEIND.BO
2020-12-28,1614.9981060955706,1615.908196270975,1532.6652893562,1570.3592529296875,5962,SUPREMEIND.BO
2020-12-29,1587.4102918368928,1607.382814144502,1570.3115171111867,1601.53955078125,1628,SUPREMEIND.BO
2020-12-30,1603.6468556811542,1603.6468556811542,1566.4318493492458,1572.4188232421875,2482,SUPREMEIND.BO
2020-12-31,1576.106939237585,1596.5584207903566,1557.571289529253,1560.3970947265625,3044,SUPREMEIND.BO
2021-01-01,1572.1793182101376,1660.930241113689,1543.202365048915,1614.088134765625,4556,SUPREMEIND.BO
2021-01-04,1624.5294091342512,1655.948976837793,1620.7935141724151,1651.111572265625,4294,SUPREMEIND.BO
2021-01-05,1618.8778037637899,1681.7650033735395,1618.8778037637899,1674.293212890625,6224,SUPREMEIND.BO
2021-01-06,1648.1900018479166,1688.5661786482478,1648.1900018479166,1683.1539306640625,3147,SUPREMEIND.BO
2021-01-07,1709.8798518123679,1727.1223377129968,1675.1554010402679,1717.6868896484375,10516,SUPREMEIND.BO
2021-01-08,1724.2483960634877,1739.766584854828,1700.3962698646606,1721.8056640625,10781,SUPREMEIND.BO
2021-01-11,1750.1122246972936,1750.1122246972936,1694.3136274949852,1723.5780029296875,4869,SUPREMEIND.BO
2021-01-12,1728.5111492928243,1728.5111492928243,1681.142258913204,1699.151123046875,91517,SUPREMEIND.BO
2021-01-13,1708.1075312426328,1714.1423304429036,1658.343736756106,1677.2625732421875,3303,SUPREMEIND.BO
2021-01-14,1678.2683229508536,1706.2394148934732,1652.6440777231508,1666.1986083984375,7872,SUPREMEIND.BO
2021-01-15,1683.9680025831603,1684.0159451455029,1625.822561375543,1644.6456298828125,3682,SUPREMEIND.BO
2021-01-18,1647.615291630833,1647.615291630833,1593.4451025658975,1601.1563720703125,604316,SUPREMEIND.BO
2021-01-19,1601.1561958450613,1636.1201211506818,1601.1561958450613,1630.085205078125,2221,SUPREMEIND.BO
2021-01-20,1638.036107197416,1653.3148182661685,1596.9894363188819,1623.2841796875,3363,SUPREMEIND.BO
2021-01-21,1628.9359152015757,1698.9117153446875,1628.7922044363752,1687.17724609375,10444,SUPREMEIND.BO
2021-01-22,1684.0160952805886,1709.8798237063997,1638.946106935708,1648.7169189453125,4983,SUPREMEIND.BO
2021-01-25,1725.2064660008825,1768.8874058844704,1644.9810126263274,1658.7750244140625,14427,SUPREMEIND.BO
2021-01-27,1714.4299135475223,1717.3994293322958,1659.1102725320902,1706.3355712890625,5427,SUPREMEIND.BO
2021-01-28,1713.8072454976957,1747.2385324716267,1680.280190324172,1709.161376953125,6839,SUPREMEIND.BO
2021-01-29,1693.6429612868303,1734.5938589398697,1680.184198442836,1732.96533203125,4054,SUPREMEIND.BO
2021-02-01,1732.9654364796377,1738.617163040877,1714.6692682331513,1720.8477783203125,5210,SUPREMEIND.BO
2021-02-02,1722.3326071983777,1836.1808765623327,1722.3326071983777,1826.4580078125,15660,SUPREMEIND.BO
2021-02-03,1829.3318437883315,1901.4150111783706,1798.3912321315952,1834.456787109375,5314,SUPREMEIND.BO
2021-02-04,1839.1983068895051,1906.2044692657116,1839.1983068895051,1891.692138671875,6946,SUPREMEIND.BO
2021-02-05,1896.673298749839,1913.867840720323,1821.1894863495925,1858.1171875,8466,SUPREMEIND.BO
2021-02-08,1866.9780034031762,1875.6950143064348,1820.9980423137188,1856.0577392578125,3941,SUPREMEIND.BO
2021-02-09,1863.146231574934,1863.146231574934,1820.0400205616322,1830.2896728515625,32320,SUPREMEIND.BO
2021-02-10,1834.408757000369,1837.9051730569859,1810.4608620003642,1820.61474609375,55164,SUPREMEIND.BO
2021-02-11,1814.0530532842529,1861.8051327128023,1808.6887481700683,1819.4173583984375,29611,SUPREMEIND.BO
2021-02-12,1825.4522171130081,1862.1403210773294,1810.460811871478,1848.5379638671875,3202,SUPREMEIND.BO
2021-02-15,1882.2565934340157,1901.6543882706258,1860.3682409185806,1867.7442626953125,3410,SUPREMEIND.BO
2021-02-16,1868.1272436397246,1900.93585798525,1798.295279206949,1889.153564453125,5615,SUPREMEIND.BO
2021-02-17,1840.1563864987575,1880.388853043759,1820.0401532262567,1828.086669921875,2931,SUPREMEIND.BO
2021-02-18,1897.3441496286744,1897.3441496286744,1839.1986959618712,1866.3555908203125,2951,SUPREMEIND.BO
2021-02-19,1834.4088670713445,1896.6733978074474,1834.4088670713445,1888.10009765625,4244,SUPREMEIND.BO
2021-02-22,1903.1871532398563,1954.0524587003197,1842.0241360232214,1865.541015625,6180,SUPREMEIND.BO
2021-02-23,1880.9157045991692,1934.4631067989094,1880.9157045991692,1922.7286376953125,3346,SUPREMEIND.BO
2021-02-24,1942.4618097977889,2001.0862131168228,1896.6733853381088,1933.0262451171875,10661,SUPREMEIND.BO
2021-02-25,1932.5473296093687,1941.9349519302264,1885.5136836706572,1895.811279296875,5265,SUPREMEIND.BO
2021-02-26,1933.7445417310125,1976.9466370318428,1860.511926993792,1941.455810546875,8212,SUPREMEIND.BO
2021-03-01,1973.2107121210947,2034.3257884596424,1971.7738383852331,1994.189208984375,6343,SUPREMEIND.BO
2021-03-02,2008.2705212154995,2013.8744223217616,1987.962752558364,2003.0499267578125,1354,SUPREMEIND.BO
2021-03-03,2021.2023615091025,2031.7394354316618,1993.4228029859917,2021.1544189453125,1978,SUPREMEIND.BO
2021-03-04,2031.739418525596,2040.8875612191111,1977.1382177448513,1998.5477294921875,3338,SUPREMEIND.BO
2021-03-05,2000.8468549004915,2020.819495149385,1987.6755111518946,2000.12841796875,1531,SUPREMEIND.BO
2021-03-08,1963.7753691691246,2010.0427499448074,1963.7753691691246,1985.7115478515625,1811,SUPREMEIND.BO
2021-03-09,1987.9630100088466,1998.6916218335152,1920.3819932282481,1934.750732421875,5947,SUPREMEIND.BO
2021-03-10,1921.5791590377082,1981.305304710797,1881.586173050757,1955.7288818359375,28966,SUPREMEIND.BO
2021-03-12,1955.6332089811847,1986.4301109356725,1955.6332089811847,1976.8509521484375,3053,SUPREMEIND.BO
2021-03-15,1951.5621122648088,1958.0758702330354,1897.6793428229491,1914.44287109375,6886,SUPREMEIND.BO
2021-03-16,1906.8751371450485,1989.351665284115,1897.6312261600249,1940.354248046875,4297,SUPREMEIND.BO
2021-03-17,1939.7795662226774,1945.6228294306077,1915.9274385402853,1937.0015869140625,1878,SUPREMEIND.BO
2021-03-18,1909.1743387711017,1969.3315043007506,1909.1743387711017,1959.8001708984375,3667,SUPREMEIND.BO
2021-03-19,1934.1756120019818,1946.1973845170855,1888.051945205105,1917.172607421875,2047,SUPREMEIND.BO
2021-03-22,1934.0320255494416,1934.0320255494416,1882.3045716714478,1913.1494140625,1639,SUPREMEIND.BO
2021-03-23,1957.9798972209717,1957.9798972209717,1884.2683231081212,1894.56591796875,2916,SUPREMEIND.BO
2021-03-24,1896.0985107421875,1912.9578050162054,1886.710889362467,1896.0985107421875,5396,SUPREMEIND.BO
2021-03-25,1902.7560370303047,1915.544189648202,1890.7342638301052,1913.7242431640625,1997,SUPREMEIND.BO
2021-03-26,1918.4180109654878,1935.27742333964,1906.6835418950832,1927.7576904296875,1088,SUPREMEIND.BO
2021-03-30,1933.983920928675,1959.751877513824,1913.388732684493,1940.6893310546875,1260,SUPREMEIND.BO
2021-03-31,1947.4427969229293,1964.6852811062115,1904.8634869213338,1951.75341796875,2761,SUPREMEIND.BO
2021-04-01,1963.7275064111668,1963.7275064111668,1903.283039234592,1930.8231201171875,2838,SUPREMEIND.BO
2021-04-05,1917.747367456252,1934.989851279535,1892.4583677954884,1923.8780517578125,1223,SUPREMEIND.BO
2021-04-06,1968.4691714302257,1968.4691714302257,1892.4585704880549,1897.8228759765625,1299,SUPREMEIND.BO
2021-04-07,1902.1812525342664,1906.252394582999,1887.237789812593,1896.0985107421875,27093,SUPREMEIND.BO
2021-04-08,1904.3367665545436,1908.1204875015742,1870.809710805344,1899.259765625,2430,SUPREMEIND.BO
2021-04-09,1885.2264063812802,1923.495099257108,1878.2335736396287,1907.5457763671875,3048,SUPREMEIND.BO
2021-04-12,1904.959298516155,1909.0782663383825,1863.0504818380482,1885.13037109375,2224,SUPREMEIND.BO
2021-04-13,1895.9069991784843,1908.1204262378437,1847.8676129581395,1888.6748046875,4483,SUPREMEIND.BO
2021-04-15,1910.0842294181866,1910.0842294181866,1862.2363788697378,1874.2103271484375,3931,SUPREMEIND.BO
2021-04-16,1871.7675603430398,1907.5456937521299,1858.1652021229932,1902.3729248046875,1460,SUPREMEIND.BO
2021-04-19,1896.6734687075939,1920.6213660397605,1864.7269970531022,1905.1510009765625,3960,SUPREMEIND.BO
2021-04-20,1920.6212805069022,1920.6212805069022,1892.2669947149639,1902.99560546875,1460,SUPREMEIND.BO
2021-04-22,1920.6211914241326,1920.6211914241326,1867.935822083321,1886.3277587890625,1134,SUPREMEIND.BO
2021-04-23,1915.8316004198966,1915.8316004198966,1872.0548951235344,1907.25830078125,1200,SUPREMEIND.BO
2021-04-26,1920.6214363965328,1920.6214363965328,1883.7416731540059,1906.8753662109375,2387,SUPREMEIND.BO
2021-04-27,1921.5793905088779,1973.5942732266,1915.8318948244046,1963.775634765625,4375,SUPREMEIND.BO
2021-04-28,1982.8855816352266,2010.7130806531438,1950.986940722648,1961.667724609375,1925,SUPREMEIND.BO
2021-04-29,2004.9179288890903,2004.9179288890903,1939.7796493074093,1962.5301513671875,1709,SUPREMEIND.BO
2021-04-30,1998.164349917627,2002.7623923782503,1923.5428051207834,1964.58935546875,3412,SUPREMEIND.BO
2021-05-03,1964.7332662963495,2082.7963897239715,1964.7332662963495,2024.363525390625,17792,SUPREMEIND.BO
2021-05-04,2073.887717884694,2120.4902282528205,2021.4418275594348,2041.0791015625,24065,SUPREMEIND.BO
2021-05-05,2088.208442423192,2089.932737587695,2037.4868490198364,2058.70458984375,5743,SUPREMEIND.BO
2021-05-06,2102.6252140257457,2128.6325348577757,2050.897760013267,2087.05908203125,27155,SUPREMEIND.BO
2021-05-07,2104.5411953069047,2107.414942956391,2071.014139396235,2093.14208984375,8491,SUPREMEIND.BO
2021-05-10,2107.4148346656975,2119.6282615484192,2053.7715479651165,2059.51904296875,5650,SUPREMEIND.BO
2021-05-11,2076.665306443241,2122.5975503328195,2060.7640464954598,2114.98193359375,8364,SUPREMEIND.BO
2021-05-12,2123.6995235004956,2123.6995235004956,2056.6454113466684,2066.3681640625,4060,SUPREMEIND.BO
2021-05-14,2083.4192578018674,2083.4192578018674,2026.4712010982505,2032.9371337890625,4829,SUPREMEIND.BO
2021-05-17,2082.2215512295743,2096.8777099085178,2049.4608772723955,2069.720703125,2557,SUPREMEIND.BO
2021-05-18,2121.7834121852784,2179.7852583299846,2093.0938818953264,2170.68505859375,19957,SUPREMEIND.BO
2021-05-19,2206.080040214089,2240.0381078245264,2140.1753878104932,2147.790771484375,9743,SUPREMEIND.BO
2021-05-20,2171.595490718806,2171.595490718806,2103.6313998358937,2126.094482421875,10214,SUPREMEIND.BO
2021-05-21,2133.2785826301874,2140.9419093751544,2070.05613698421,2086.149169921875,15243,SUPREMEIND.BO
2021-05-24,2133.278587008774,2133.278587008774,2073.408846690836,2094.818359375,3696,SUPREMEIND.BO
2021-05-25,2125.3754989478184,2126.093935736195,2094.8180810953186,2116.3232421875,6421,SUPREMEIND.BO
2021-05-26,2136.151977573059,2161.5846857833103,2113.3055949391087,2137.971923828125,3396,SUPREMEIND.BO
2021-05-27,2155.310365471484,2187.687963512684,2115.2214991272576,2172.744384765625,13293,SUPREMEIND.BO
2021-05-28,2187.879589420955,2187.879589420955,2121.831344735965,2139.6484375,18557,SUPREMEIND.BO
2021-05-31,2173.511123300781,2188.837777321412,2112.2045072182555,2173.942138671875,5341,SUPREMEIND.BO
2021-06-01,2173.9421894097463,2187.8799125082883,2136.248339117724,2148.030517578125,4869,SUPREMEIND.BO
2021-06-02,2165.8477730679915,2182.0844002237704,2148.7011726127303,2169.056884765625,2627,SUPREMEIND.BO
2021-06-03,2169.057113542889,2213.743799859429,2162.9742536056215,2170.446044921875,8557,SUPREMEIND.BO
2021-06-04,2203.2064759255018,2203.2064759255018,2129.4469547749527,2135.385986328125,3489,SUPREMEIND.BO
2021-06-07,2130.213441157702,2161.106229164222,2125.4238616218076,2134.955078125,5362,SUPREMEIND.BO
2021-06-08,2140.0319327000884,2203.206435680385,2134.3323802158015,2169.58349609375,4377,SUPREMEIND.BO
2021-06-09,2199.3744905459257,2199.3744905459257,2142.1869689020846,2148.365478515625,3989,SUPREMEIND.BO
2021-06-10,2174.373008265961,2183.090135702243,2140.702361018248,2152.53271484375,3617,SUPREMEIND.BO
2021-06-11,2193.5311765710535,2212.785376641537,2120.2506218900676,2154.113037109375,10408,SUPREMEIND.BO
2021-06-14,2184.047747924351,2194.8242993121357,2151.4786148412686,2178.44384765625,8813,SUPREMEIND.BO
2021-06-15,2184.0483535125145,2184.0483535125145,2154.1614228166354,2176.001953125,2855,SUPREMEIND.BO
2021-06-16,2184.0475423325133,2184.0475423325133,2156.2679902589857,2166.613525390625,2410,SUPREMEIND.BO
2021-06-17,2182.084475342725,2182.084475342725,2134.2366229611557,2164.746337890625,10129,SUPREMEIND.BO
2021-06-18,2145.7314169146493,2177.7736540234678,2059.5189939136144,2099.12890625,8427,SUPREMEIND.BO
2021-06-21,2090.68144844996,2113.4648681518024,2046.658880146326,2099.90087890625,8390,SUPREMEIND.BO
2021-06-22,2109.41061304401,2121.960882137636,2049.0727808631173,2086.0478515625,7873,SUPREMEIND.BO
2021-06-23,2113.1757239368744,2113.1757239368744,2047.6731108807135,2059.06494140625,5247,SUPREMEIND.BO
2021-06-24,2087.206176001058,2087.206176001058,2021.5586181989895,2024.454833984375,6169,SUPREMEIND.BO
2021-06-25,2023.4891339435403,2053.8027604700032,2019.2895273886666,2037.1014404296875,6508,SUPREMEIND.BO
2021-06-28,2065.967193329558,2123.8915071612278,2055.299418393298,2108.348388671875,8182,SUPREMEIND.BO
2021-06-29,2134.5113411492175,2134.5113411492175,2084.9859969496965,2098.4052734375,3549,SUPREMEIND.BO
2021-06-30,2122.685035319002,2123.891792019013,2083.1517329655817,2087.978759765625,5970,SUPREMEIND.BO
2021-07-01,2100.7217611699716,2119.064460371364,2091.4537767693096,2100.335693359375,3036,SUPREMEIND.BO
2021-07-02,2114.5271001453916,2139.337967156246,2069.8287913280647,2124.18115234375,7310,SUPREMEIND.BO
2021-07-05,2157.8736156209916,2157.8736156209916,2094.929244894872,2105.259033203125,3260,SUPREMEIND.BO
2021-07-06,2090.102463889638,2120.464413281575,2083.3446268239436,2088.219970703125,6289,SUPREMEIND.BO
2021-07-07,2112.209828866945,2112.209828866945,2076.9725409676876,2095.9912109375,1540,SUPREMEIND.BO
2021-07-08,2111.341269761465,2117.037066426267,2096.184454561456,2109.55517578125,1499,SUPREMEIND.BO
2021-07-09,2119.0642864892993,2119.0642864892993,2083.537330128141,2089.716064453125,1638,SUPREMEIND.BO
2021-07-12,2123.794540596576,2125.483999486085,2051.485794403443,2057.6162109375,3113,SUPREMEIND.BO
2021-07-13,2072.724595050194,2086.9160018224256,2070.6007511275784,2080.640869140625,1209,SUPREMEIND.BO
2021-07-14,2103.6180371147843,2103.6180371147843,2071.1322447708358,2074.3662109375,2642,SUPREMEIND.BO
2021-07-15,2090.681915437681,2090.681915437681,2053.4171747353744,2060.65771484375,2876,SUPREMEIND.BO
2021-07-16,2078.517074366443,2078.517074366443,2052.113151949302,2055.78173828125,7767,SUPREMEIND.BO
2021-07-19,2065.8707699790425,2065.8707699790425,1989.2659985126268,2036.715576171875,9758,SUPREMEIND.BO
2021-07-20,2041.8321042369075,2053.41696723967,2006.1121099783895,2031.212646484375,5536,SUPREMEIND.BO
2021-07-22,2003.6983897795558,2069.82864258606,2003.6983897795558,2027.8818359375,8275,SUPREMEIND.BO
2021-07-23,2019.6274754648077,2049.555033657642,2019.6274754648077,2028.5091552734375,4083,SUPREMEIND.BO
2021-07-26,2037.0051557255133,2045.4524519874083,2010.1185242026506,2020.8829345703125,1799,SUPREMEIND.BO
2021-07-27,2033.1436570270507,2033.1436570270507,2019.6279821940125,2025.7100830078125,2219,SUPREMEIND.BO
2021-07-28,2009.4908270455985,2024.0202217449526,1999.35407293367,2014.5592041015625,2875,SUPREMEIND.BO
2021-07-29,1998.4371502392648,2019.6277479702935,1979.0807281735667,2005.5810546875,5517,SUPREMEIND.BO
2021-07-30,1994.527072721641,2052.01699748911,1994.527072721641,2027.1094970703125,2602,SUPREMEIND.BO
2021-08-02,2051.4863960908883,2092.9505092870622,2037.005315647894,2042.556396484375,4810,SUPREMEIND.BO
2021-08-03,2051.4861544288515,2059.06467991248,2008.8636069570448,2018.710693359375,3604,SUPREMEIND.BO
2021-08-04,2027.1578468262874,2027.1578468262874,1990.6654838343375,2005.0499267578125,2691,SUPREMEIND.BO
2021-08-05,1994.913477329234,2119.402683044629,1983.9079508578138,2087.833740234375,10161,SUPREMEIND.BO
2021-08-06,2079.4828556114285,2079.4828556114285,2027.1096221309642,2043.8594970703125,5039,SUPREMEIND.BO
2021-08-09,2075.621465541443,2075.621465541443,2008.5741123167224,2019.9659423828125,2720,SUPREMEIND.BO
2021-08-10,2043.7629742906204,2043.7629742906204,1979.0808206404213,2006.6431884765625,2352,SUPREMEIND.BO
2021-08-11,2007.0775509656344,2007.0775509656344,1917.9223980888862,1958.3245849609375,9206,SUPREMEIND.BO
2021-08-12,1966.530332966643,1977.8738437238144,1948.1876347210043,1970.9229736328125,3138,SUPREMEIND.BO
2021-08-13,1969.4750121915845,1987.866029200983,1948.1877794545533,1968.9923095703125,3812,SUPREMEIND.BO
2021-08-16,1936.6028081956808,1982.9422572452286,1894.1249799002621,1965.61328125,6562,SUPREMEIND.BO
2021-08-17,1950.2149646076343,1953.1111801239608,1912.3228116023618,1918.984130859375,8162,SUPREMEIND.BO
2021-08-18,1927.9142963450743,1927.9142963450743,1909.4267621221256,1919.3704833984375,5410,SUPREMEIND.BO
2021-08-20,1911.502278668412,1918.2117976086508,1882.5401229310116,1911.40576171875,7795,SUPREMEIND.BO
2021-08-23,1913.8193594843065,1918.26019999132,1840.0623760359615,1892.5804443359375,9731,SUPREMEIND.BO
2021-08-24,1884.471121288765,1961.703544292403,1882.5403107136742,1953.3045654296875,7585,SUPREMEIND.BO
2021-08-25,1937.568246827839,1968.6542472962155,1930.3277077888708,1958.0347900390625,3813,SUPREMEIND.BO
2021-08-26,1957.8419352468065,1978.0671290069988,1945.822686481485,1959.5797119140625,3658,SUPREMEIND.BO
2021-08-27,1922.990993766547,2025.9515007797204,1922.990993766547,2013.9322509765625,6830,SUPREMEIND.BO
2021-08-30,2034.9294837415139,2104.583375966402,2017.552189811516,2066.2568359375,7069,SUPREMEIND.BO
2021-08-31,2118.0990818392215,2133.5455655718683,2052.934228592117,2106.658935546875,5062,SUPREMEIND.BO
2021-09-01,2104.583164520177,2104.583164520177,2046.8035737301625,2065.77392578125,3598,SUPREMEIND.BO
2021-09-02,2069.9254620283164,2086.482067557802,2058.34059918936,2078.276123046875,1340,SUPREMEIND.BO
2021-09-03,2064.325850136891,2102.9903729855214,2064.0361814570715,2076.634765625,3903,SUPREMEIND.BO
2021-09-06,2080.4483642578125,2080.4483642578125,2035.943086874485,2065.96728515625,4696,SUPREMEIND.BO
2021-09-07,2051.486043919953,2059.016251596561,2018.6622672172334,2035.2188720703125,4695,SUPREMEIND.BO
2021-09-08,2040.6735393574456,2075.6211601238615,2034.688074313688,2066.691162109375,5318,SUPREMEIND.BO
2021-09-09,2052.2583874841253,2087.978379295572,2033.7707367919668,2067.80126953125,1909,SUPREMEIND.BO
2021-09-13,2099.7564697265625,2099.7564697265625,2036.0397216796875,2065.96728515625,7574,SUPREMEIND.BO
2021-09-14,2070.263289513593,2090.729834152058,2056.3132304646283,2072.7734375,4118,SUPREMEIND.BO
2021-09-15,2051.678999285654,2193.4971587335613,2051.678999285654,2185.194580078125,12326,SUPREMEIND.BO
2021-09-16,2191.46987051777,2238.774726753616,2180.0780416730677,2222.45947265625,10551,SUPREMEIND.BO
2021-09-17,2223.5210318628074,2276.7149484109686,2149.0401209109777,2166.2724609375,8322,SUPREMEIND.BO
2021-09-20,2189.49049638269,2189.49049638269,2116.7954436540604,2160.57666015625,4337,SUPREMEIND.BO
2021-09-21,2149.812996036634,2170.7622449742958,2080.6415613531058,2151.550537109375,5036,SUPREMEIND.BO
2021-09-22,2165.645543212914,2165.983529362005,2097.4878314823204,2153.239990234375,3799,SUPREMEIND.BO
2021-09-23,2153.336278757036,2176.9887059390794,2129.635534176512,2172.306396484375,6454,SUPREMEIND.BO
2021-09-24,2172.161755929762,2191.4215430267454,2168.1071011242866,2183.263916015625,5421,SUPREMEIND.BO
2021-09-27,2187.6565454366846,2256.0553638417955,2177.616189734122,2232.065185546875,4663,SUPREMEIND.BO
2021-09-28,2268.3640872091637,2268.3640872091637,2204.84061771287,2227.093017578125,3639,SUPREMEIND.BO
2021-09-29,2220.432126947854,2244.6155761650634,2187.029010238519,2236.892333984375,5905,SUPREMEIND.BO
2021-09-30,2259.048239843911,2276.715202704694,2220.480348016272,2254.8486328125,438286,SUPREMEIND.BO
2021-10-01,2260.978665882735,2260.978665882735,2221.686726812676,2240.898193359375,5544,SUPREMEIND.BO
2021-10-04,2267.737100020527,2375.910813424806,2234.333981621459,2333.143310546875,9615,SUPREMEIND.BO
2021-10-05,2336.2807579206105,2481.0915487008137,2331.4537315612706,2427.12548828125,14729,SUPREMEIND.BO
2021-10-06,2432.8212727778564,2461.831748189394,2379.7239830942126,2440.737548828125,9046,SUPREMEIND.BO
2021-10-07,2442.5233561574337,2466.6101676023372,2405.7896429217317,2442.330322265625,2997,SUPREMEIND.BO
2021-10-08,2442.3303439730857,2583.8102819437995,2442.185391781978,2526.4169921875,9330,SUPREMEIND.BO
2021-10-11,2542.877471721764,2550.600713853037,2471.9201846406895,2515.1220703125,4942,SUPREMEIND.BO
2021-10-12,2540.9466630089446,2540.9466630089446,2478.6297058786677,2489.0078125,3102,SUPREMEIND.BO
2021-10-13,2498.179308838514,2506.1922201636394,2427.9943889489805,2464.921142578125,4454,SUPREMEIND.BO
2021-10-14,2484.953151438731,2582.459083177391,2445.371535584423,2490.697265625,5593,SUPREMEIND.BO
2021-10-18,2558.3238971232186,2558.3238971232186,2452.3223541714115,2489.442138671875,5206,SUPREMEIND.BO
2021-10-19,2503.8749455346574,2595.974504561057,2472.4026426853356,2510.005126953125,6008,SUPREMEIND.BO
2021-10-20,2471.4376153372978,2490.7940391119764,2325.7580470548487,2354.140869140625,10826,SUPREMEIND.BO
2021-10-21,2326.626905047431,2337.7773840342056,2186.4984120773165,2245.29150390625,5423,SUPREMEIND.BO
2021-10-22,2297.6160001268654,2340.1421452435034,2228.637847481282,2284.63134765625,7811,SUPREMEIND.BO
2021-10-25,2316.9724969180206,2391.9361169675367,2255.0899288683163,2276.28076171875,8712,SUPREMEIND.BO
2021-10-26,2285.11430267677,2286.0797079588474,2232.9824174446003,2266.48193359375,3696,SUPREMEIND.BO
2021-10-27,2252.290442942733,2252.676510763967,2198.227749070126,2210.63330078125,3638,SUPREMEIND.BO
2021-10-28,2181.864018184672,2220.4319078804538,2172.1616490134875,2187.559814453125,3135,SUPREMEIND.BO
2021-10-29,2178.2193817994134,2294.0851543566337,2167.5232834991953,2264.513671875,2850,SUPREMEIND.BO
2021-11-01,2317.3165391902326,2317.3165391902326,2205.903272706841,2239.588623046875,2936,SUPREMEIND.BO
2021-11-02,2270.8534056966596,2296.940101520194,2228.117704034904,2263.64208984375,2947,SUPREMEIND.BO
2021-11-03,2263.6425264187355,2289.8743280038366,2246.1706497095956,2277.968505859375,2916,SUPREMEIND.BO
2021-11-04,2289.874019914723,2314.3636641586577,2287.2605528765994,2299.1181640625,807,SUPREMEIND.BO
2021-11-08,2323.0755298153235,2324.091943818681,2273.2251611744814,2287.938232421875,4135,SUPREMEIND.BO
2021-11-09,2326.947517978754,2381.2021924321944,2281.017466043279,2368.860595703125,7390,SUPREMEIND.BO
2021-11-10,2363.77826434529,2413.0477495285227,2327.33435737769,2351.920654296875,54470,SUPREMEIND.BO
2021-11-11,2405.352687938229,2405.352687938229,2242.443582007159,2264.900634765625,10847,SUPREMEIND.BO
2021-11-12,2247.42911888426,2289.487299358095,2199.3693451659447,2226.23046875,8628,SUPREMEIND.BO
2021-11-15,2221.4872402953347,2233.780390395855,2174.685878635033,2223.278076171875,6799,SUPREMEIND.BO
2021-11-16,2251.1073047478058,2251.1073047478058,2178.8967708137357,2203.19287109375,6601,SUPREMEIND.BO
2021-11-17,2189.592967526613,2215.3892308707314,2177.1060333684213,2186.205078125,3108,SUPREMEIND.BO
2021-11-18,2228.7472321410105,2228.7472321410105,2129.578917219274,2159.5859375,4910,SUPREMEIND.BO
2021-11-22,2165.828759391724,2165.828759391724,2047.5430974277858,2111.96142578125,11355,SUPREMEIND.BO
2021-11-23,2056.3518892109473,2121.205769323224,2056.3518892109473,2079.970458984375,5953,SUPREMEIND.BO
2021-11-24,2108.2348583263665,2108.5737417435953,2071.452064654924,2098.55517578125,4212,SUPREMEIND.BO
2021-11-25,2100.829915985969,2138.7742228588536,2084.0840185543098,2116.4140625,2989,SUPREMEIND.BO
2021-11-26,2097.635970622531,2109.4935835346196,2044.3492628841257,2054.077392578125,5371,SUPREMEIND.BO
2021-11-29,2003.6945541164966,2114.0429498504486,1990.6754266207388,2085.7783203125,10926,SUPREMEIND.BO
2021-11-30,2090.8115195706914,2107.2669806043496,1984.2381156421982,2100.0556640625,8194,SUPREMEIND.BO
2021-12-01,2138.242046898947,2279.226540026214,2100.4912819242713,2246.1220703125,16431,SUPREMEIND.BO
2021-12-02,2239.5884321541666,2386.042097837223,2229.9087481872816,2319.107177734375,23778,SUPREMEIND.BO
2021-12-03,2327.1892618040615,2328.9316519498952,2240.8465395943504,2253.672119140625,10930,SUPREMEIND.BO
2021-12-06,2269.8856261267215,2269.8856261267215,2194.771192755313,2231.65087890625,2368,SUPREMEIND.BO
2021-12-07,2247.4287063331353,2266.158749980221,2221.487110243559,2254.2529296875,3660,SUPREMEIND.BO
2021-12-08,2298.924613554122,2366.6823916378225,2272.4023778037954,2307.15234375,3375,SUPREMEIND.BO
2021-12-09,2328.9318559416515,2328.9318559416515,2243.799086609693,2258.754150390625,3414,SUPREMEIND.BO
2021-12-10,2254.2049128786052,2336.627329646847,2250.381484868222,2294.7626953125,4660,SUPREMEIND.BO
2021-12-13,2315.864223601994,2321.0911580424686,2255.3662031317226,2275.064453125,1490,SUPREMEIND.BO
2021-12-14,2250.574882741562,2325.108446463532,2243.2666743592886,2262.045166015625,4404,SUPREMEIND.BO
2021-12-15,2322.252916589349,2322.252916589349,2240.459592649467,2254.15625,2501,SUPREMEIND.BO
2021-12-16,2311.5082001773844,2311.5082001773844,2214.3724909558505,2241.911376953125,2069,SUPREMEIND.BO
2021-12-17,2233.199720595095,2239.9270528989464,2201.4987593217684,2210.30712890625,3202,SUPREMEIND.BO
2021-12-20,2419.920631581899,2419.920631581899,2090.714534333348,2106.58935546875,5997,SUPREMEIND.BO
2021-12-21,2129.530159799314,2247.6222868427303,2093.812225738103,2130.35302734375,4554,SUPREMEIND.BO
2021-12-22,2177.9286512867025,2182.3329542678257,2134.5636246547842,2155.181396484375,2558,SUPREMEIND.BO
2021-12-23,2157.6014204684184,2198.256090571457,2139.210022088472,2168.007080078125,1491,SUPREMEIND.BO
2021-12-24,2149.8576565692542,2162.2961441126818,2136.2092086157813,2147.002197265625,1152,SUPREMEIND.BO
2021-12-27,2150.8255232014794,2173.572777834798,2130.4981892738324,2139.016357421875,4573,SUPREMEIND.BO
2021-12-28,2148.551087352804,2156.3917263691746,2134.370444010338,2139.065185546875,1625,SUPREMEIND.BO
2021-12-29,2139.35520153294,2181.3651706441656,2137.3710554278823,2164.232177734375,2027,SUPREMEIND.BO
2021-12-30,2128.5622055962685,2168.2489042908787,2108.2348721185417,2158.18212890625,2231,SUPREMEIND.BO
2021-12-31,2182.6714205414537,2182.6714205414537,2119.8019326138237,2155.810302734375,3121,SUPREMEIND.BO
2022-01-03,2156.6334123129545,2168.2490321279256,2132.289103645567,2150.970703125,4096,SUPREMEIND.BO
2022-01-04,2174.8311611732797,2196.5135559417126,2142.6946618013462,2159.48876953125,1338,SUPREMEIND.BO
2022-01-05,2175.557179716595,2183.930010905651,2154.69741578132,2162.441162109375,2599,SUPREMEIND.BO
2022-01-06,2162.4893799958404,2165.6352766102304,2124.4481829023744,2134.708740234375,3049,SUPREMEIND.BO
2022-01-07,2134.2251962692517,2136.112687363061,2107.3156278003707,2114.8173828125,2984,SUPREMEIND.BO
2022-01-10,2127.4974046246334,2151.0190812755854,2105.3310253684476,2128.997802734375,1180,SUPREMEIND.BO
2022-01-11,2153.245215467751,2204.5475289853016,2129.771987113023,2182.13916015625,11512,SUPREMEIND.BO
2022-01-12,2188.3343956946787,2214.179102766572,2166.8939917755783,2198.1591796875,4489,SUPREMEIND.BO
2022-01-13,2187.4629396526916,2197.0457299030686,2161.279353675601,2174.346923828125,3781,SUPREMEIND.BO
2022-01-14,2177.9282521873943,2177.9766978570665,2144.049368264479,2148.647216796875,14056,SUPREMEIND.BO
2022-01-17,2168.249198151764,2262.0936864951886,2167.232784076049,2222.406982421875,11306,SUPREMEIND.BO
2022-01-18,2257.592217337189,2257.592217337189,2188.6729306780057,2198.207275390625,2740,SUPREMEIND.BO
2022-01-19,2202.1278741678534,2212.436641995694,2175.508746018572,2187.850341796875,4443,SUPREMEIND.BO
2022-01-20,2212.4363145449283,2217.324600982021,2179.961172065583,2190.4150390625,1976,SUPREMEIND.BO
2022-01-21,2189.544325795645,2203.2409829076346,2158.4242390354143,2167.0390625,3303,SUPREMEIND.BO
2022-01-24,2165.925781300419,2177.783391982829,2023.0535776519707,2062.062744140625,12213,SUPREMEIND.BO
2022-01-25,1993.5791305584203,2014.1969023128804,1943.09956081495,1986.0289306640625,10308,SUPREMEIND.BO
2022-01-27,1989.1747325934766,2034.5241391517975,1902.0575910200396,1991.3526611328125,7364,SUPREMEIND.BO
2022-01-28,2070.677635447365,2070.677635447365,2000.0643987951162,2021.214599609375,3379,SUPREMEIND.BO
2022-01-31,2032.7333587546068,2059.788024527289,2019.665787162613,2034.620849609375,1639,SUPREMEIND.BO
2022-02-01,2080.841229915873,2080.841229915873,2018.3106248569857,2071.306884765625,3556,SUPREMEIND.BO
2022-02-02,2088.2945331607843,2088.2945331607843,2011.0990679905829,2018.5526123046875,6546,SUPREMEIND.BO
2022-02-03,2068.257841479767,2068.257841479767,1935.3558633636076,1953.16650390625,9252,SUPREMEIND.BO
2022-02-04,1946.6811184302053,1969.81558554854,1940.582988742071,1953.4085693359375,354236,SUPREMEIND.BO
2022-02-07,1965.9434429622468,1994.3534045760362,1942.7122058223679,1955.34423828125,3757,SUPREMEIND.BO
2022-02-08,1955.2960710413447,1982.3507392156835,1906.8976534413114,1920.013671875,8756,SUPREMEIND.BO
2022-02-09,1935.93664055407,1980.1727455266523,1891.6036442213035,1961.29736328125,5825,SUPREMEIND.BO
2022-02-10,2007.5662376940857,2007.5662376940857,1935.1621621853042,1952.246826171875,25625,SUPREMEIND.BO
2022-02-11,1950.456163297003,1950.7466010568573,1902.0577473342983,1920.2071533203125,4945,SUPREMEIND.BO
2022-02-15,1892.8620699864407,1932.258333767337,1796.3556747152863,1895.717529296875,11264,SUPREMEIND.BO
2022-02-16,1946.4389790333473,1949.1976649806397,1922.8205295291482,1934.0006103515625,1970,SUPREMEIND.BO
2022-02-17,1935.5011879551084,1935.9367264544805,1887.5867539753601,1904.3809814453125,1192,SUPREMEIND.BO
2022-02-18,1894.8464961322306,1907.8656232122426,1876.1162139789283,1903.509765625,1868,SUPREMEIND.BO
2022-02-21,1887.5382169465397,1911.7374248561107,1873.2122385999958,1889.1837158203125,3146,SUPREMEIND.BO
2022-02-22,1873.0186946760573,1985.3030195248546,1839.139803557886,1976.978515625,9555,SUPREMEIND.BO
2022-02-23,1969.8156648835848,2019.8111374764233,1969.5252271037957,1989.1265869140625,7050,SUPREMEIND.BO
2022-02-24,1945.6163558765807,1992.707920907326,1891.6036754493607,1979.9307861328125,7621,SUPREMEIND.BO
2022-02-25,1957.2319233287274,2017.2944042439165,1939.3729552686632,1979.3499755859375,9377,SUPREMEIND.BO
2022-02-28,2031.7168433467925,2031.7168433467925,1931.9193437305478,1961.0068359375,2560,SUPREMEIND.BO
2022-03-02,1953.0697750315135,1981.6248425627223,1935.3560243743775,1952.101806640625,3129,SUPREMEIND.BO
2022-03-03,1973.3001675779972,1979.4951883765934,1948.5202025438057,1966.0404052734375,6552,SUPREMEIND.BO
2022-03-04,2002.7263474865188,2002.7263474865188,1911.3017917925945,1922.2882080078125,2833,SUPREMEIND.BO
2022-03-07,1863.339030545427,1954.1345069342644,1863.339030545427,1911.398681640625,5640,SUPREMEIND.BO
2022-03-08,1912.8987387463355,1964.636710721413,1889.667501592075,1950.1171875,3043,SUPREMEIND.BO
2022-03-09,1962.9430611430275,1993.2888456011149,1936.904688623446,1949.87548828125,3465,SUPREMEIND.BO
2022-03-10,1973.6874788396271,1973.6874788396271,1926.2570293726621,1931.72607421875,1186,SUPREMEIND.BO
2022-03-11,1964.975659398829,1964.975659398829,1918.9487192261734,1930.17724609375,2563,SUPREMEIND.BO
2022-03-14,1930.1286313040073,1939.5178757769697,1898.6212184687479,1903.4610595703125,2901,SUPREMEIND.BO
2022-03-15,1910.0918959780518,1913.624885749196,1888.5061555977115,1895.52392578125,2140,SUPREMEIND.BO
2022-03-16,1895.5238295650545,1932.9358261385903,1895.5238295650545,1929.8382568359375,3506,SUPREMEIND.BO
2022-03-17,1960.136068041296,2004.7110614452815,1936.1788494319026,1973.3004150390625,6325,SUPREMEIND.BO
2022-03-21,1960.1357493681066,2020.5368749686318,1960.1357493681066,1974.6552734375,6244,SUPREMEIND.BO
2022-03-22,1990.5783777183462,1990.5783777183462,1940.7764555859658,1955.9735107421875,1348,SUPREMEIND.BO
2022-03-23,1957.7158874980078,1968.702304075167,1947.3586739481277,1953.5052490234375,902,SUPREMEIND.BO
2022-03-24,1954.3279397798915,1989.7072273604383,1951.6175813561408,1958.1513671875,2170,SUPREMEIND.BO
2022-03-25,1992.0788179495503,1992.0788179495503,1927.2733856889824,1938.7921142578125,2638,SUPREMEIND.BO
2022-03-28,1953.5051946936026,1953.8924056350202,1916.1416429705002,1934.0006103515625,4099,SUPREMEIND.BO
2022-03-29,1952.3920084908243,1963.4268704455174,1914.6412458080567,1927.5635986328125,3596,SUPREMEIND.BO
2022-03-30,1931.0968415880723,1960.135891837517,1913.4314193529933,1929.2093505859375,3190,SUPREMEIND.BO
2022-03-31,1929.9834917796793,1999.2899955712085,1926.3052832873905,1977.8011474609375,8180,SUPREMEIND.BO
2022-04-01,2018.8914964178648,2018.8914964178648,1953.2148689309417,1973.8326416015625,3284,SUPREMEIND.BO
2022-04-04,1980.753415895294,1993.482103460438,1947.8424964145427,1969.4765625,4659,SUPREMEIND.BO
2022-04-05,2063.611606628916,2147.050666476423,1988.0618668539973,2087.47216796875,53815,SUPREMEIND.BO
2022-04-06,2097.2964183874205,2105.5725928409092,2052.1408014083586,2096.183349609375,5960,SUPREMEIND.BO
2022-04-07,2126.6264734652755,2126.6264734652755,2018.2140178311786,2028.377685546875,6465,SUPREMEIND.BO
2022-04-08,2026.9254884094844,2046.7203915933444,2009.5505058182814,2027.16748046875,1713,SUPREMEIND.BO
2022-04-11,2045.0747462509783,2049.8176957444343,2002.8712396122971,2029.103271484375,2076,SUPREMEIND.BO
2022-04-12,2018.213654778621,2024.9894320368708,1964.9754048923746,2016.7132568359375,5194,SUPREMEIND.BO
2022-04-13,2044.3489721607036,2044.3489721607036,1970.3478456929201,1974.6068115234375,1516,SUPREMEIND.BO
2022-04-18,1975.623203058504,1975.6716487351966,1924.6596509399255,1931.0482177734375,5238,SUPREMEIND.BO
2022-04-19,1969.8156487074739,1969.8156487074739,1922.8691823869272,1925.821533203125,1507,SUPREMEIND.BO
2022-04-20,1947.5521695203142,1955.4894621121362,1922.3849943674672,1932.4034423828125,2223,SUPREMEIND.BO
2022-04-21,1948.5201715079704,1948.5201715079704,1911.9793684903718,1917.2064208984375,2790,SUPREMEIND.BO
2022-04-22,1955.295912524502,1955.295912524502,1898.2342300641624,1901.380126953125,2868,SUPREMEIND.BO
2022-04-25,1887.5381579925863,1924.272507187904,1861.983771606187,1876.5032958984375,5043,SUPREMEIND.BO
2022-04-26,1908.2041958365426,1908.2041958365426,1869.1467003798555,1877.9068603515625,1982,SUPREMEIND.BO
2022-04-27,1876.648524702068,1887.1994027089627,1858.4991192407329,1863.2421875,3433,SUPREMEIND.BO
2022-04-28,1885.602109199344,1886.3765310462513,1870.1146175426761,1873.3089599609375,1496,SUPREMEIND.BO
2022-04-29,1891.1680156748362,1955.295913839114,1876.406499493625,1887.296142578125,16579,SUPREMEIND.BO
2022-05-04,1968.8476235095898,1968.8476235095898,1898.1859339736015,1928.8704833984375,88235,SUPREMEIND.BO
2022-05-05,1929.2092665847986,1946.3422582218914,1900.8477481453385,1923.3045654296875,2300,SUPREMEIND.BO
2022-05-06,1871.0828321026668,1944.8419735639998,1871.0828321026668,1919.2392578125,4533,SUPREMEIND.BO
2022-05-09,1935.93645098554,1935.93645098554,1857.434251530113,1862.4193115234375,4825,SUPREMEIND.BO
2022-05-10,1863.339076248786,1867.6464881479826,1822.5391866095324,1837.4459228515625,3183,SUPREMEIND.BO
2022-05-11,1852.2558650418944,1852.2558650418944,1817.8445432764952,1836.57470703125,1825,SUPREMEIND.BO
2022-05-12,1802.4054550889905,1822.345578822056,1761.0248094648048,1789.7249755859375,5804,SUPREMEIND.BO
2022-05-13,1800.4209030373465,1829.4115041850841,1785.9013796257552,1816.53759765625,3779,SUPREMEIND.BO
2022-05-16,1813.972611389322,1840.1077557369806,1788.7569896713,1822.684326171875,2345,SUPREMEIND.BO
2022-05-17,1792.677216777638,1844.85072960207,1790.7412802584397,1839.284912109375,4150,SUPREMEIND.BO
2022-05-18,1834.8325379058238,1842.9633778934422,1807.1969929720303,1818.3770751953125,2154,SUPREMEIND.BO
2022-05-19,1805.260950715943,1822.3939430377472,1746.7956394574996,1769.3009033203125,4028,SUPREMEIND.BO
2022-05-20,1771.3820029607825,1785.4175434214008,1734.5992072708864,1744.9564208984375,5605,SUPREMEIND.BO
2022-05-23,1771.3820746386098,1779.4645867023255,1709.14166267548,1719.4022216796875,8507,SUPREMEIND.BO
2022-05-24,1726.4199709885688,1726.4199709885688,1684.3133484200873,1698.397216796875,4234,SUPREMEIND.BO
2022-05-25,1701.6884431613846,1701.6884431613846,1641.9163946032415,1665.7283935546875,6751,SUPREMEIND.BO
2022-05-26,1668.970685492368,1691.1856260768868,1649.1273378404092,1666.8896484375,3690,SUPREMEIND.BO
2022-05-27,1721.1444108818393,1762.6218289116418,1663.3083049473,1733.6312255859375,6522,SUPREMEIND.BO
2022-05-30,1780.9648057998313,1781.013133316192,1733.1471506448368,1762.7186279296875,1664,SUPREMEIND.BO
2022-05-31,1771.3820178383721,1784.8851285791277,1763.7350445118395,1777.6253662109375,1339,SUPREMEIND.BO
2022-06-01,1780.1904811900115,1841.6564683882063,1760.3471309921692,1829.8956298828125,4487,SUPREMEIND.BO
2022-06-02,1834.3484447522328,1839.0430675558111,1784.836840670327,1832.1220703125,2237,SUPREMEIND.BO
2022-06-03,1825.5881412330027,1829.9924440870093,1790.7412838181629,1806.2772216796875,1883,SUPREMEIND.BO
2022-06-06,1839.1399598031087,1839.1399598031087,1790.499547708316,1811.1656494140625,1515,SUPREMEIND.BO
2022-06-07,1802.7441742439971,1824.6686797335103,1784.7883151275514,1804.8736572265625,1113,SUPREMEIND.BO
2022-06-08,1829.460074523652,1835.8970873067924,1806.5676007527331,1820.1676025390625,1122,SUPREMEIND.BO
2022-06-09,1813.8273079345197,1820.9418510431572,1762.4282167461693,1782.9490966796875,1189,SUPREMEIND.BO
2022-06-10,1772.3984186293528,1772.3984186293528,1742.294509705381,1748.5863037109375,2496,SUPREMEIND.BO
2022-06-13,1727.8233288380434,1727.8233288380434,1698.7358356178997,1714.4169921875,2592,SUPREMEIND.BO
2022-06-14,1693.9445223937635,1718.966479278227,1680.3929662146134,1692.541015625,2830,SUPREMEIND.BO
2022-06-15,1719.1118302807479,1757.5885731037545,1692.8314653243142,1713.1104736328125,1372,SUPREMEIND.BO
2022-06-16,1765.5740700594756,1765.5740700594756,1677.7309522645758,1699.4617919921875,2171,SUPREMEIND.BO
2022-06-17,1690.4113595417462,1734.5991345649043,1681.7964183329073,1704.4468994140625,2412,SUPREMEIND.BO
2022-06-20,1702.6563269720928,1739.9715541138153,1696.2193138151158,1731.5018310546875,956,SUPREMEIND.BO
2022-06-21,1726.1726470839913,1738.6396941594676,1693.171640119495,1703.536376953125,2205,SUPREMEIND.BO
2022-06-22,1705.3454726433251,1705.3454726433251,1650.78375825545,1655.9661865234375,2742,SUPREMEIND.BO
2022-06-23,1650.7838040069985,1671.0733132225444,1631.5698593595373,1655.086181640625,4405,SUPREMEIND.BO
2022-06-24,1652.4947459277982,1671.0730892252113,1652.4947459277982,1664.4239501953125,2188,SUPREMEIND.BO
2022-06-27,1676.9401526682923,1692.0472334128299,1653.4727686076283,1662.6641845703125,1666,SUPREMEIND.BO
2022-06-28,1662.3708271179707,1692.8295604828147,1657.4329699084988,1676.940185546875,6422,SUPREMEIND.BO
2022-06-29,1673.3221867580553,1706.909853807973,1667.7486118441589,1682.7579345703125,1149,SUPREMEIND.BO
2022-06-30,1691.4116280951785,1733.9462585410417,1678.7489481042978,1727.297119140625,2682,SUPREMEIND.BO
2022-07-01,1735.6085084034337,1739.5197388449062,1714.341192877927,1730.6705322265625,929,SUPREMEIND.BO
2022-07-04,1754.969295269859,1754.969295269859,1724.950527475779,1730.230712890625,1476,SUPREMEIND.BO
2022-07-05,1749.4445837717633,1751.0090521421014,1716.7857843353313,1733.1640625,1296,SUPREMEIND.BO
2022-07-06,1755.1158182319764,1755.1158182319764,1727.1017241557108,1733.2618408203125,1405,SUPREMEIND.BO
2022-07-07,1741.475372095556,1821.2156312911593,1739.6175137443656,1806.255126953125,7693,SUPREMEIND.BO
2022-07-08,1806.010662775854,1838.47382781107,1798.5304106576664,1826.8380126953125,3335,SUPREMEIND.BO
2022-07-11,1855.87882074196,1872.6482449175483,1819.8954533961291,1859.8389892578125,3078,SUPREMEIND.BO
2022-07-12,1858.8122012394379,1867.6124694199507,1828.8423751746582,1862.9189453125,924,SUPREMEIND.BO
2022-07-13,1863.2124904823668,1870.0082059542533,1785.818990555699,1800.5838623046875,2892,SUPREMEIND.BO
2022-07-14,1792.1258302013348,1809.1395870774072,1766.8005893028721,1777.36083984375,942,SUPREMEIND.BO
2022-07-15,1782.4455293803244,1816.8154909993625,1778.6320558007437,1783.9610595703125,1389,SUPREMEIND.BO
2022-07-18,1826.5445831324002,1838.3760311316125,1787.7744882102518,1829.3802490234375,1727,SUPREMEIND.BO
2022-07-19,1820.6289141806512,1864.4347448378364,1814.3221025549262,1851.087646484375,3428,SUPREMEIND.BO
2022-07-20,1872.501550063477,1872.501550063477,1838.8649448219348,1853.874267578125,1578,SUPREMEIND.BO
2022-07-21,1848.0563780592806,1878.3684138898825,1831.5314056213094,1836.567138671875,2332,SUPREMEIND.BO
2022-07-22,1846.6387234861763,1876.657371219816,1827.6202926821038,1852.8477783203125,2008,SUPREMEIND.BO
2022-07-25,1857.3455402079971,1878.955064342373,1758.5869723948845,1776.774169921875,6406,SUPREMEIND.BO
2022-07-26,1801.121548668109,1801.121548668109,1737.857446467545,1741.7686767578125,2196,SUPREMEIND.BO
2022-07-27,1746.1689142903786,1803.3706606745948,1739.0798089692578,1793.2991943359375,1509,SUPREMEIND.BO
2022-07-28,1802.0015587465546,1840.0382963344803,1796.4279840917616,1834.4647216796875,2042,SUPREMEIND.BO
2022-07-29,1812.219708468729,1870.8393462515437,1812.219708468729,1855.0477294921875,3981,SUPREMEIND.BO
2022-08-01,1872.5015098475703,1883.061879423075,1825.8111980484991,1852.0653076171875,5009,SUPREMEIND.BO
2022-08-02,1861.2568367235713,1867.4170725801723,1816.4243804467471,1822.14453125,3146,SUPREMEIND.BO
2022-08-03,1822.6332973152098,1831.335808497607,1789.77898707277,1813.9307861328125,1329,SUPREMEIND.BO
2022-08-04,1822.3398913205892,1858.3721951878606,1809.5795743529247,1851.3319091796875,8556,SUPREMEIND.BO
2022-08-05,1855.5853652674507,1878.3683292385394,1813.8330300559555,1828.597900390625,4917,SUPREMEIND.BO
2022-08-08,1828.5002381652528,1838.278314305174,1809.4329896924066,1825.7623291015625,2430,SUPREMEIND.BO
2022-08-10,1828.5491280268727,1857.8344175484542,1820.4822154243595,1847.2740478515625,2733,SUPREMEIND.BO
2022-08-11,1855.0965514993404,1857.8344605541429,1842.3850525587068,1852.896484375,3873,SUPREMEIND.BO
2022-08-12,1851.820947132144,1855.9278107747966,1829.3803098780822,1851.3809814453125,1828,SUPREMEIND.BO
2022-08-16,1857.0521024735888,1887.1196854660102,1848.4474674128487,1857.4921875,2476,SUPREMEIND.BO
2022-08-17,1838.2783086364793,1976.1491817842152,1838.2783086364793,1921.880859375,17360,SUPREMEIND.BO
2022-08-18,1930.338953004297,1937.4768770730955,1882.7685880220572,1897.5823974609375,3870,SUPREMEIND.BO
2022-08-19,1908.827054434544,1919.4851807236873,1860.0833713818545,1866.0479736328125,4667,SUPREMEIND.BO
2022-08-22,1857.8345200192725,1862.7235582298497,1790.4635496052642,1798.2860107421875,7923,SUPREMEIND.BO
2022-08-23,1808.9440642072177,1809.921871809492,1779.6098361389925,1796.330322265625,3500,SUPREMEIND.BO
2022-08-24,1808.895105150951,1847.567443117909,1783.6677409209638,1815.2508544921875,4948,SUPREMEIND.BO
2022-08-25,1812.1708396553086,1874.7505249098767,1812.1708396553086,1867.319091796875,4366,SUPREMEIND.BO
2022-08-26,1874.9461758547318,1892.057809793432,1853.9233113014714,1880.959716796875,7650,SUPREMEIND.BO
2022-08-29,1877.390622033935,1905.7470428875727,1838.816159341344,1888.2442626953125,3476,SUPREMEIND.BO
2022-08-30,1919.4363128007026,1928.2365811731968,1882.5240760160736,1919.5830078125,7214,SUPREMEIND.BO
2022-09-01,1919.4364408635056,1929.8501163380024,1898.364637998966,1921.783203125,1834,SUPREMEIND.BO
2022-09-02,1935.0814023777432,1948.770709923619,1920.7076771990892,1938.25927734375,1606,SUPREMEIND.BO
2022-09-05,1955.6152163258803,2032.8130792458321,1945.7393833556905,2013.648193359375,20507,SUPREMEIND.BO
2022-09-06,2042.639977274844,2053.3958603528827,2016.239173356021,2035.404296875,10242,SUPREMEIND.BO
2022-09-07,2036.2845961216447,2085.6638864477636,2016.7773796680224,2076.17919921875,8602,SUPREMEIND.BO
2022-09-08,2071.974131855096,2149.2209258223224,2034.1330286308487,2056.2802734375,16260,SUPREMEIND.BO
2022-09-09,2055.8404494178126,2112.8956175458497,2055.8404494178126,2091.677001953125,4952,SUPREMEIND.BO
2022-09-12,2081.99657341237,2125.8023961898093,2057.1603589496735,2066.205078125,6469,SUPREMEIND.BO
2022-09-13,2070.50769824067,2086.201558762876,2018.194988981697,2023.279541015625,4046,SUPREMEIND.BO
2022-09-14,2004.5057736553065,2023.2796336445374,1980.109519422896,2007.9281005859375,6846,SUPREMEIND.BO
2022-09-15,2018.5861268524416,2037.8978289892582,1985.6340550014788,2010.7149658203125,7847,SUPREMEIND.BO
2022-09-16,1992.0874478543162,2051.5868963827625,1938.0635785880977,1976.00244140625,7632,SUPREMEIND.BO
2022-09-19,1977.1270449594567,2011.9370923775425,1954.0996273292876,1970.4779052734375,74078,SUPREMEIND.BO
2022-09-20,1998.3452127289952,2049.484594584559,1989.9850299165128,2044.4976806640625,4040,SUPREMEIND.BO
2022-09-21,2004.505754151267,2053.396138398859,2004.505754151267,2029.58642578125,3971,SUPREMEIND.BO
2022-09-22,2012.621605324765,2035.5511477883124,2004.5057537965847,2026.8487548828125,2094,SUPREMEIND.BO
2022-09-23,2032.6665287861983,2032.7154669117251,1997.5142732203005,2015.4080810546875,2053,SUPREMEIND.BO
2022-09-26,2014.2345095936196,2033.4972695772426,1981.2824446255388,2020.2481689453125,4094,SUPREMEIND.BO
2022-09-27,2043.6178890719964,2043.6178890719964,2007.6345215581787,2012.5235595703125,1320,SUPREMEIND.BO
2022-09-28,2009.0036616482037,2090.5527228892824,2005.6300343305952,2065.520751953125,4863,SUPREMEIND.BO
2022-09-29,2046.6000004725236,2085.272334177897,2019.2703290613726,2051.049072265625,2119,SUPREMEIND.BO
2022-09-30,2065.031702078466,2091.8727107293253,2020.1504303112958,2083.31689453125,3185,SUPREMEIND.BO
2022-10-03,2073.001012493495,2081.9967945056837,2028.9507331686243,2046.013427734375,5264,SUPREMEIND.BO
2022-10-04,2045.9647791717018,2048.9960785947114,2008.6615101184377,2021.7640380859375,4460,SUPREMEIND.BO
2022-10-06,2006.51022342207,2043.1780100685496,1990.180764152067,2005.2879638671875,2058,SUPREMEIND.BO
2022-10-07,1997.954522293362,1997.954522293362,1962.6067500459553,1969.4024658203125,2893,SUPREMEIND.BO
2022-10-10,1956.5929993556604,1968.1311767315544,1944.5659181818262,1954.343994140625,2304,SUPREMEIND.BO
2022-10-11,1957.4240705870275,1975.1713019495721,1897.4355997193786,1918.311767578125,103132,SUPREMEIND.BO
2022-10-12,1915.6717875935533,1990.5228879201618,1915.6717875935533,1973.4112548828125,7431,SUPREMEIND.BO
2022-10-13,1979.9625302800962,1982.0159022611956,1921.1473823224885,1931.6588134765625,1987,SUPREMEIND.BO
2022-10-14,1947.7439104381692,1955.1753441044557,1888.3910335301125,1898.9024658203125,1839,SUPREMEIND.BO
2022-10-17,1898.9025710427777,1954.637610460614,1863.4570415884518,1948.2818603515625,106864,SUPREMEIND.BO
2022-10-18,1984.9005307527673,1998.0521148603802,1936.108025996952,1977.9093017578125,2434,SUPREMEIND.BO
2022-10-19,1981.038098442117,1998.8341481268508,1948.7704492572257,1985.438232421875,3047,SUPREMEIND.BO
2022-10-20,1976.2959192046815,2046.0135317465351,1976.2959192046815,2011.15478515625,3372,SUPREMEIND.BO
2022-10-21,1975.9538459552743,2072.218966180794,1975.9538459552743,2041.6624755859375,2865,SUPREMEIND.BO
2022-10-24,2025.1374086244944,2071.436455085791,1994.727496883956,2007.5855712890625,1083,SUPREMEIND.BO
2022-10-25,2006.461285429359,2022.399597770607,1989.8385554818449,2000.39892578125,125112,SUPREMEIND.BO
2022-10-27,1987.8830041542783,2049.973791544242,1987.8830041542783,2044.6937255859375,1522,SUPREMEIND.BO
2022-10-28,2037.0177060124681,2071.240972404133,1975.1713746046735,1990.327392578125,2711,SUPREMEIND.BO
2022-10-31,2001.816684441531,2140.274341301627,1906.187049817847,2123.11376953125,14787,SUPREMEIND.BO
2022-11-01,2097.592482925333,2230.3787816790505,2015.7989856535119,2214.635986328125,21900,SUPREMEIND.BO
2022-11-02,2209.84550463738,2292.9591629976358,2197.3295177515524,2236.1484375,17695,SUPREMEIND.BO
2022-11-03,2219.6230831722864,2219.6230831722864,2135.873964091388,2152.44775390625,98273,SUPREMEIND.BO
2022-11-04,2155.088084222455,2192.244775329739,2141.6921670151332,2187.45361328125,3907,SUPREMEIND.BO
2022-11-07,2233.77912956873,2326.5774122772054,2200.3951959444353,2311.968994140625,10767,SUPREMEIND.BO
2022-11-09,2284.4187370336194,2377.560273522115,2284.4187370336194,2353.931640625,4457,SUPREMEIND.BO
2022-11-10,2353.098379632037,2404.4731938189993,2353.098379632037,2390.796142578125,10714,SUPREMEIND.BO
2022-11-11,2397.1197805365523,2430.6018530864135,2328.53824923719,2363.883056640625,2420,SUPREMEIND.BO
2022-11-14,2348.588145411982,2408.8850307099515,2342.950631745912,2379.226806640625,5381,SUPREMEIND.BO
2022-11-15,2377.5601388779096,2377.5601388779096,2328.44014088146,2364.863525390625,3943,SUPREMEIND.BO
2022-11-16,2339.3723221929295,2388.2960446774728,2310.7924330548503,2324.420654296875,2088,SUPREMEIND.BO
2022-11-17,2319.0281506289766,2350.009822444691,2217.798010008521,2230.396484375,5893,SUPREMEIND.BO
2022-11-18,2230.4945929779255,2255.15249240283,2201.473556593801,2244.514892578125,2676,SUPREMEIND.BO
2022-11-21,2215.837034036059,2320.1063815695006,2208.4346856629268,2234.71044921875,2324,SUPREMEIND.BO
2022-11-22,2244.6619348888566,2244.6619348888566,2204.8563275629836,2216.37646484375,886,SUPREMEIND.BO
2022-11-23,2220.886235916832,2264.8098691304526,2191.8654392211592,2258.92724609375,2492,SUPREMEIND.BO
2022-11-24,2259.956921218314,2270.7417309217044,2228.533859618706,2233.828125,887,SUPREMEIND.BO
2022-11-25,2233.8280379440184,2300.203828387031,2233.8280379440184,2291.77197265625,2107,SUPREMEIND.BO
2022-11-28,2259.95656689409,2371.7754651148684,2259.95656689409,2359.07861328125,1389,SUPREMEIND.BO
2022-11-29,2305.056818398227,2384.4722278589147,2305.056818398227,2325.695068359375,1299,SUPREMEIND.BO
2022-11-30,2323.9299389482403,2408.9828512592494,2310.252890259314,2392.0703125,5185,SUPREMEIND.BO
2022-12-01,2392.1198703731275,2429.5234549363527,2362.657683750887,2384.472412109375,3744,SUPREMEIND.BO
2022-12-02,2401.9730616192564,2470.7018068329317,2390.207814920052,2452.5146484375,4621,SUPREMEIND.BO
2022-12-05,2460.94608038031,2518.0074691688005,2412.267236929329,2439.474365234375,2747,SUPREMEIND.BO
2022-12-06,2438.935817671214,2449.181339139883,2406.92439759289,2417.02294921875,725,SUPREMEIND.BO
2022-12-07,2383.589796812869,2405.1105847883387,2341.970285654408,2389.717529296875,3706,SUPREMEIND.BO
2022-12-08,2363.88284533941,2410.453606161317,2343.2445971443767,2357.31396484375,2695,SUPREMEIND.BO
2022-12-09,2362.853490268062,2395.2079156534755,2354.0295560720406,2369.66748046875,2570,SUPREMEIND.BO
2022-12-12,2370.697165087232,2515.8018716351685,2363.6380650740266,2473.839111328125,5802,SUPREMEIND.BO
2022-12-13,2473.8391135450483,2505.360313377947,2455.701025210302,2466.289794921875,3076,SUPREMEIND.BO
2022-12-14,2465.7993618000683,2554.038702778997,2465.7993618000683,2512.615234375,3966,SUPREMEIND.BO
2022-12-15,2470.750565430796,2533.400400468878,2442.2688197602056,2458.102783203125,2108,SUPREMEIND.BO
2022-12-16,2426.6310185905722,2499.1342980381514,2422.3169515072086,2469.47607421875,2981,SUPREMEIND.BO
2022-12-19,2466.5838334075943,2539.773371015052,2447.122060206153,2507.321044921875,4482,SUPREMEIND.BO
2022-12-20,2489.9671403109714,2489.9671403109714,2440.3571635806425,2455.16162109375,1175,SUPREMEIND.BO
2022-12-21,2432.464600337981,2476.5842726536644,2358.441594563891,2379.471923828125,103044,SUPREMEIND.BO
2022-12-22,2360.892665992551,2414.3755605971423,2286.477581776226,2318.194580078125,3295,SUPREMEIND.BO
2022-12-23,2303.243198695898,2324.1265605275703,2245.2013598853137,2281.4775390625,2688,SUPREMEIND.BO
2022-12-26,2230.543568179444,2443.9846861581586,2230.543568179444,2408.19873046875,4601,SUPREMEIND.BO
2022-12-27,2431.435135396638,2431.484205128522,2345.303872797406,2403.49267578125,3416,SUPREMEIND.BO
2022-12-28,2380.697873637036,2415.748508137481,2367.805218510677,2392.02197265625,2036,SUPREMEIND.BO
2022-12-29,2392.26673113623,2429.6703139940373,2392.26673113623,2403.933837890625,1334,SUPREMEIND.BO
2022-12-30,2396.2374970347723,2432.9057511994133,2336.430830068518,2402.26708984375,4744,SUPREMEIND.BO
2023-01-02,2406.9241601533677,2431.533228636494,2349.1765071251775,2364.128173828125,2311,SUPREMEIND.BO
2023-01-03,2357.9515073664497,2370.1088331139104,2328.7344304209732,2338.048583984375,2783,SUPREMEIND.BO
2023-01-04,2333.4405845165597,2353.0493289242618,2317.0673308090395,2338.19580078125,1918,SUPREMEIND.BO
2023-01-05,2291.5760016849986,2404.9634723869426,2291.5760016849986,2339.42138671875,4397,SUPREMEIND.BO
2023-01-06,2352.559168820189,2421.581855106013,2334.2741099510954,2400.845703125,5219,SUPREMEIND.BO
2023-01-09,2413.885230174918,2467.5641618501622,2373.2949902757423,2413.14990234375,2912,SUPREMEIND.BO
2023-01-10,2408.395165097631,2471.633371141556,2382.5117160440873,2435.79833984375,1689,SUPREMEIND.BO
2023-01-11,2416.8756881563427,2433.5919498920066,2348.1469489364385,2370.15771484375,2738,SUPREMEIND.BO
2023-01-12,2376.6287925209576,2436.2882512667993,2323.3910058083425,2403.394775390625,7341,SUPREMEIND.BO
2023-01-13,2401.335778293387,2427.513403291942,2392.2667343210637,2419.081787109375,891,SUPREMEIND.BO
2023-01-16,2421.6306101730547,2421.6306101730547,2372.8047938551645,2383.638671875,1116,SUPREMEIND.BO
2023-01-17,2353.049153807422,2386.4330865499724,2345.205656628064,2355.54931640625,2454,SUPREMEIND.BO
2023-01-18,2351.0884916427885,2379.030952865399,2334.862207516045,2346.970703125,995,SUPREMEIND.BO
2023-01-19,2377.510896751727,2402.6592519746496,2334.273764278999,2374.765625,4738,SUPREMEIND.BO
2023-01-20,2348.1961933453767,2375.844474861132,2304.2725583585575,2314.861328125,2977,SUPREMEIND.BO
2023-01-23,2316.2828850926794,2337.9506429593666,2289.5169016586983,2306.429443359375,2337,SUPREMEIND.BO
2023-01-24,2294.271889278893,2378.8836590865167,2294.271889278893,2352.166748046875,6893,SUPREMEIND.BO
2023-01-25,2351.039510766077,2436.5335930932592,2337.2154888364084,2364.912841796875,6885,SUPREMEIND.BO
2023-01-27,2378.4915761261773,2507.7132468862364,2378.4915761261773,2488.49658203125,9232,SUPREMEIND.BO
2023-01-30,2489.3301126521364,2591.2955839856622,2447.808500454633,2498.055908203125,10450,SUPREMEIND.BO
2023-01-31,2557.911685849822,2557.911685849822,2408.100827914305,2476.33935546875,4862,SUPREMEIND.BO
2023-02-01,2479.3786153875267,2515.8508299780588,2468.9858857139557,2485.50634765625,4055,SUPREMEIND.BO
2023-02-02,2474.770497899314,2564.529572711278,2462.8582814953866,2497.173583984375,7176,SUPREMEIND.BO
2023-02-03,2505.8993565463925,2592.275970053841,2475.1137240548114,2579.87353515625,5575,SUPREMEIND.BO
2023-02-06,2632.424775178162,2653.7002142454967,2600.805675923652,2623.89501953125,12910,SUPREMEIND.BO
2023-02-07,2624.6304339282583,2634.9250247225227,2601.9822384350537,2618.992919921875,10568,SUPREMEIND.BO
2023-02-08,2632.424842398224,2632.424842398224,2559.3822701621675,2595.560546875,4917,SUPREMEIND.BO
2023-02-09,2595.60924901835,2654.190369494915,2582.8635659021097,2599.18798828125,3187,SUPREMEIND.BO
2023-02-10,2593.0603978246063,2648.896249426041,2577.5694419324736,2611.198486328125,6572,SUPREMEIND.BO
2023-02-13,2611.198396478204,2620.9536985728623,2581.0008833790553,2600.854736328125,2257,SUPREMEIND.BO
2023-02-14,2587.9128495871796,2591.540419060542,2468.936709254969,2504.9677734375,6871,SUPREMEIND.BO
2023-02-15,2505.850396033586,2613.4533736952576,2505.850396033586,2575.804443359375,7569,SUPREMEIND.BO
2023-02-16,2570.461304031355,2663.9460895223447,2566.7355946898374,2657.769287109375,9511,SUPREMEIND.BO
2023-02-17,2671.6419721547577,2717.4774056255715,2654.925472074851,2690.613525390625,10787,SUPREMEIND.BO
2023-02-20,2720.6641234118842,2729.5861975568423,2595.7074518375075,2646.690185546875,6759,SUPREMEIND.BO
2023-02-21,2666.7403350809377,2710.860012734175,2660.71074154749,2707.82080078125,4548,SUPREMEIND.BO
2023-02-22,2696.202180735488,2696.202180735488,2617.816277935741,2674.534423828125,8622,SUPREMEIND.BO
2023-02-23,2648.2098820024025,2676.00513232217,2620.316492219221,2645.7587890625,3973,SUPREMEIND.BO
2023-02-24,2634.091346625681,2682.426945504084,2620.8066148693492,2673.014892578125,6658,SUPREMEIND.BO
2023-02-27,2672.6229203645025,2702.330217430392,2638.5527253329537,2683.800048828125,4154,SUPREMEIND.BO
2023-02-28,2691.594200361256,2761.352208993666,2653.3571508777586,2705.663330078125,4049,SUPREMEIND.BO
2023-03-01,2703.604266330164,2725.615030484011,2665.416290664452,2674.0439453125,2989,SUPREMEIND.BO
2023-03-02,2673.7991409935116,2689.33916593366,2626.5911868524518,2645.611572265625,3031,SUPREMEIND.BO
2023-03-03,2668.1616298035447,2677.868101445693,2627.2774475171946,2645.66064453125,1399,SUPREMEIND.BO
2023-03-06,2596.001620640737,2687.7215669698858,2596.001620640737,2646.39599609375,1288,SUPREMEIND.BO
2023-03-08,2643.6998261257218,2722.036901611347,2643.6998261257218,2708.114501953125,2092,SUPREMEIND.BO
2023-03-09,2715.81082949551,2715.81082949551,2673.652033225363,2686.789794921875,4798,SUPREMEIND.BO
2023-03-10,2648.5527673207107,2690.270415076449,2610.953147002731,2641.885986328125,2429,SUPREMEIND.BO
2023-03-13,2696.153085943727,2696.153085943727,2568.7453264966935,2613.110107421875,5380,SUPREMEIND.BO
2023-03-14,2624.7285273470816,2627.5716994850327,2466.3388496040943,2480.996337890625,4348,SUPREMEIND.BO
2023-03-15,2481.045314702607,2514.9194666117787,2395.992390675231,2440.1611328125,5763,SUPREMEIND.BO
2023-03-16,2397.2180156912805,2475.6039216954196,2388.2468717226443,2457.906982421875,5387,SUPREMEIND.BO
2023-03-17,2477.564636521161,2559.186027890527,2439.9159463380424,2521.047119140625,8655,SUPREMEIND.BO
2023-03-20,2520.997956787295,2613.845302051788,2475.6036712981117,2533.302490234375,4245,SUPREMEIND.BO
2023-03-21,2488.4965008340328,2565.1668788207694,2488.4965008340328,2523.84130859375,1256,SUPREMEIND.BO
2023-03-22,2523.350925018076,2542.3715484417753,2511.29150077397,2526.292236328125,2072,SUPREMEIND.BO
2023-03-23,2529.871017913747,2529.871017913747,2455.1126875262785,2489.77099609375,5715,SUPREMEIND.BO
2023-03-24,2490.3106683423184,2514.380451218304,2444.8184747137034,2456.04443359375,1441,SUPREMEIND.BO
2023-03-27,2453.200964297018,2464.4759926488323,2387.364698840726,2416.28759765625,1749,SUPREMEIND.BO
2023-03-28,2406.924168031357,2451.0438404139686,2382.9525272430465,2424.96435546875,2821,SUPREMEIND.BO
2023-03-29,2414.326605376823,2496.8793697567976,2400.747454408883,2473.348876953125,3170,SUPREMEIND.BO
2023-03-31,2480.5060101764066,2533.3514772560875,2433.935245163213,2462.514892578125,2477,SUPREMEIND.BO
2023-04-03,2396.0905889306896,2471.8784390563537,2396.0905889306896,2464.868408203125,3634,SUPREMEIND.BO
2023-04-05,2451.0928607371284,2489.3299093646274,2451.0928607371284,2484.03564453125,1165,SUPREMEIND.BO
2023-04-06,2493.545865396723,2568.8923171763813,2491.5849910857696,2560.705810546875,1981,SUPREMEIND.BO
2023-04-10,2558.941086351372,2558.941086351372,2502.124798609699,2518.59619140625,2365,SUPREMEIND.BO
2023-04-11,2505.017114471251,2557.6665456774417,2505.017114471251,2551.3427734375,702,SUPREMEIND.BO
2023-04-12,2529.576964561518,2606.001993976211,2529.576964561518,2561.7353515625,2229,SUPREMEIND.BO
2023-04-13,2575.4616022569166,2595.609395598363,2555.7547184261743,2588.599365234375,1250,SUPREMEIND.BO
2023-04-17,2587.7170707451005,2612.865189676654,2563.0098613248065,2603.943115234375,2502,SUPREMEIND.BO
2023-04-18,2596.7863497123603,2627.4738459610717,2531.390989777156,2573.15771484375,6167,SUPREMEIND.BO
2023-04-19,2573.1080688953994,2582.9124397798446,2455.994906553602,2547.812744140625,4024,SUPREMEIND.BO
2023-04-20,2496.977453127504,2603.99207537428,2496.977453127504,2577.765380859375,1500,SUPREMEIND.BO
2023-04-21,2581.09916108262,2644.5334023259015,2573.4517027752986,2627.9150390625,2778,SUPREMEIND.BO
2023-04-24,2647.08233764445,2654.9258353544105,2599.4332326751733,2633.74853515625,1911,SUPREMEIND.BO
2023-04-25,2632.425036499771,2690.3199059642257,2632.425036499771,2677.623291015625,2664,SUPREMEIND.BO
2023-04-26,2715.4188211200108,2715.4188211200108,2607.6686349252395,2628.306884765625,3052,SUPREMEIND.BO
2023-04-27,2601.148714728696,2636.640490130957,2580.1672170191355,2594.579833984375,2380,SUPREMEIND.BO
2023-04-28,2598.1586610991376,2685.4175746228448,2560.5099671897888,2665.563720703125,5994,SUPREMEIND.BO
2023-05-02,2686.3490868240237,2696.2025293952734,2656.5438891539916,2692.91796875,4273,SUPREMEIND.BO
2023-05-03,2697.035605847278,2722.0367529500236,2677.9170815922375,2703.408447265625,755,SUPREMEIND.BO
2023-05-04,2799.050008726229,2799.050008726229,2673.9954379405845,2752.283203125,37308,SUPREMEIND.BO
2023-05-05,2764.7345381806385,2769.489753957141,2694.143065560083,2709.19287109375,4001,SUPREMEIND.BO
2023-05-08,2720.7620641966773,2745.5181013535484,2673.652012942082,2731.497802734375,1714,SUPREMEIND.BO
2023-05-09,2730.223128547905,2770.2250098671307,2726.3504498984335,2744.880615234375,2978,SUPREMEIND.BO
2023-05-10,2789.2946594129726,2789.2946594129726,2661.4948188159065,2697.81982421875,1825,SUPREMEIND.BO
2023-05-11,2712.7231124994278,2747.1853887791435,2711.350356623616,2719.341064453125,1404,SUPREMEIND.BO
2023-05-12,2713.899248788335,2745.420209132336,2696.2023093937673,2716.350341796875,2195,SUPREMEIND.BO
2023-05-15,2716.3505930864208,2746.8420493146887,2715.811304701742,2731.79248046875,451,SUPREMEIND.BO
2023-05-16,2725.6154653345666,2761.254453945465,2685.319399939374,2717.673828125,2153,SUPREMEIND.BO
2023-05-17,2731.105644149564,2753.0673391433597,2713.114527864837,2744.096435546875,2100,SUPREMEIND.BO
2023-05-19,2732.52742597366,2758.5090106311545,2717.771798889609,2742.6259765625,1057,SUPREMEIND.BO
2023-05-22,2715.3210033831815,2721.693845600907,2670.4659985430367,2675.95654296875,2297,SUPREMEIND.BO
2023-05-23,2686.0057968180095,2744.243669623691,2686.0057968180095,2729.586181640625,929,SUPREMEIND.BO
2023-05-24,2701.349611013381,2744.04769919466,2689.2901855103228,2739.341552734375,1032,SUPREMEIND.BO
2023-05-25,2725.61560413969,2761.793643571113,2722.282213175418,2744.734130859375,1163,SUPREMEIND.BO
2023-05-26,2750.126206418301,2788.363255277593,2739.8316163407994,2764.832763671875,3318,SUPREMEIND.BO
2023-05-30,2753.2636584862403,2820.717784771481,2753.2636584862403,2790.765380859375,2174,SUPREMEIND.BO
2023-05-31,2800.1286636666846,2800.1286636666846,2676.6426452970113,2709.14404296875,4710,SUPREMEIND.BO
2023-06-01,2691.839384076348,2765.8133224417325,2691.839384076348,2730.713623046875,2898,SUPREMEIND.BO
2023-06-02,2725.6150916153542,2822.3841838656276,2691.2997936993333,2766.54833984375,2180,SUPREMEIND.BO
2023-06-05,2691.888670832837,2786.010648982732,2691.888670832837,2745.17529296875,2698,SUPREMEIND.BO
2023-06-06,2752.92066039137,2789.7358853936466,2739.9298676205476,2760.81298828125,1049,SUPREMEIND.BO
2023-06-07,2769.9313694982147,2815.3747334003338,2769.9313694982147,2791.942138671875,1142,SUPREMEIND.BO
2023-06-08,2797.2362688325925,2829.982774015626,2771.990012128465,2780.274658203125,3755,SUPREMEIND.BO
2023-06-09,2780.32352333195,2780.32352333195,2743.753172322498,2766.352294921875,703,SUPREMEIND.BO
2023-06-12,2748.508923380989,2859.9845933820898,2748.508923380989,2844.00341796875,3298,SUPREMEIND.BO
2023-06-13,2842.2874852884506,2991.3139419162,2842.2874852884506,2937.43896484375,11907,SUPREMEIND.BO
2023-06-14,2941.360861174216,3014.7955164879613,2882.4855556093503,2926.850341796875,5029,SUPREMEIND.BO
2023-06-15,2963.1263725443505,2969.008995833379,2908.663037387185,2945.13525390625,1707,SUPREMEIND.BO
2023-06-16,2896.2606075841913,2976.117171003738,2896.2606075841913,2952.831787109375,1071,SUPREMEIND.BO
2023-06-19,2973.665896443848,2996.265020780004,2922.6831642924863,2932.144287109375,2944,SUPREMEIND.BO
2023-06-20,2931.1640888191955,2988.81384620741,2928.811135197048,2969.842529296875,1001,SUPREMEIND.BO
2023-06-21,2983.215493248488,3019.0913564852913,2979.267678463937,3008.3828125,850,SUPREMEIND.BO
2023-06-22,3010.0112279959503,3146.408171426939,3004.9776681023804,3129.4326171875,10768,SUPREMEIND.BO
2023-06-23,3129.4820523175217,3142.1642620447433,3064.4910586054843,3080.677001953125,2421,SUPREMEIND.BO
2023-06-26,3080.2823813803484,3092.1752212073416,3021.065161616548,3067.402587890625,3056,SUPREMEIND.BO
2023-06-27,3059.5068289047945,3070.264767945843,3018.7455961707037,3037.2509765625,1875,SUPREMEIND.BO
2023-06-28,3035.820239841169,3094.0999050638543,3030.7869204540766,3061.431640625,1476,SUPREMEIND.BO
2023-06-30,3061.530216113106,3288.529555154374,3061.530216113106,3153.760986328125,76297,SUPREMEIND.BO
2023-07-07,3155.2908113708477,3180.408733511121,3090.151870629379,3103.376953125,1512,SUPREMEIND.BO
2023-07-10,3104.018837281085,3187.8605073880076,3104.018837281085,3156.03125,1177,SUPREMEIND.BO
2023-07-14,3223.4401771034413,3441.7048912749606,3223.4401771034413,3305.110595703125,10998,SUPREMEIND.BO
2023-07-17,3305.0613606049556,3350.7079714083834,3268.7908103989885,3311.32861328125,2881,SUPREMEIND.BO
2023-07-19,3440.7180646287975,3466.7737878202056,3413.083360033835,3439.33642578125,5112,SUPREMEIND.BO
2023-07-20,3419.794531683386,3464.207447679274,3400.0554579074355,3423.6435546875,56072,SUPREMEIND.BO
2023-07-21,3360.6269068988377,3454.2393252977167,3360.6269068988377,3447.281494140625,2986,SUPREMEIND.BO
2023-07-24,3454.929942612987,3669.7403018761534,3445.4550914676665,3593.744873046875,6379,SUPREMEIND.BO
2023-07-26,3701.5202635040523,3741.689228814267,3627.0546589021774,3641.66162109375,4870,SUPREMEIND.BO
2023-07-28,3579.3847854097853,3602.8249348012487,3145.9147867490587,3318.73046875,43969,SUPREMEIND.BO
2023-08-03,3474.077080401126,3530.481388889644,3424.7293945999736,3506.153076171875,2215,SUPREMEIND.BO
2023-08-04,3530.037273501065,3580.8653893808273,3515.0356253548357,3533.244873046875,13831,SUPREMEIND.BO
2023-08-07,3528.3593325739103,3740.5543693580753,3528.3593325739103,3712.4755859375,20563,SUPREMEIND.BO
2023-08-08,3701.026911893624,3827.850460039836,3683.3605373667365,3804.015625,11233,SUPREMEIND.BO
2023-08-09,3750.374525179631,3819.510677494366,3715.14032758609,3725.70068359375,4714,SUPREMEIND.BO
2023-08-10,3730.931640402401,3824.4455013714182,3730.931640402401,3803.42333984375,2819,SUPREMEIND.BO
2023-08-11,4151.176408277344,4421.552566580756,3948.8017452878585,4020.849365234375,121088,SUPREMEIND.BO
2023-08-14,4076.266499641793,4145.205308112474,4022.7736602853424,4087.912841796875,73003,SUPREMEIND.BO
2023-08-16,4095.8575296804042,4268.574413462108,4088.25779402963,4181.67333984375,19495,SUPREMEIND.BO
2023-08-17,4184.239247660627,4337.661388748322,4184.239247660627,4303.5126953125,13606,SUPREMEIND.BO
2023-08-18,4303.118093722304,4362.828792041158,4265.8605918787225,4294.13671875,9770,SUPREMEIND.BO
2023-08-21,4294.185951047614,4342.54667736161,4223.519977031099,4247.1572265625,7543,SUPREMEIND.BO
2023-08-22,4283.428076075128,4396.878593030045,4271.831370470616,4353.15673828125,22430,SUPREMEIND.BO
2023-08-23,4336.822572819223,4405.761386232865,4312.395468359262,4373.93212890625,78956,SUPREMEIND.BO
2023-08-24,4431.421878734464,4480.769561125717,4362.137539892762,4387.50244140625,10518,SUPREMEIND.BO
2023-08-25,4460.931711187337,4504.654047077278,4409.511329583265,4438.478515625,12944,SUPREMEIND.BO
2023-08-28,4485.704686936478,4486.050217122952,4377.139777021624,4394.80615234375,7952,SUPREMEIND.BO
2023-08-29,4429.39889292611,4462.264257201215,4376.152549943087,4396.77978515625,8450,SUPREMEIND.BO
2023-08-30,4451.013048063145,4451.013048063145,4329.7656948732965,4345.0634765625,21545,SUPREMEIND.BO
2023-08-31,4431.4216158206655,4627.381058205779,4199.191629029893,4389.92041015625,63776,SUPREMEIND.BO
2023-09-01,4401.862907519273,4493.7483986025245,4271.535856779131,4336.6748046875,11108,SUPREMEIND.BO
2023-09-04,4336.723506887263,4377.435345079963,4246.812414613491,4275.1376953125,4363,SUPREMEIND.BO
2023-09-05,4292.2614808382405,4486.197875638129,4256.879095633777,4446.86767578125,47042,SUPREMEIND.BO
2023-09-06,4450.174269177969,4477.858127921766,4367.221002788582,4397.86572265625,10154,SUPREMEIND.BO
2023-09-07,4417.752799874683,4548.129482742039,4407.290994054613,4494.68603515625,13511,SUPREMEIND.BO
2023-09-08,4494.685440398097,4614.994986631475,4421.552083000215,4566.0419921875,6722,SUPREMEIND.BO
2023-09-11,4584.3508079004705,4584.3508079004705,4515.313203424696,4523.75146484375,2398,SUPREMEIND.BO
2023-09-12,4643.863661457964,4643.863661457964,4448.594785431872,4526.46533203125,10062,SUPREMEIND.BO
2023-09-13,4520.198463180123,4520.198463180123,4269.561396482167,4365.2958984375,12082,SUPREMEIND.BO
2023-09-14,4365.345299692511,4398.556676691246,4221.348853564569,4236.10400390625,8352,SUPREMEIND.BO
2023-09-15,4236.1039645371975,4263.343982347384,4030.0773848961467,4070.83837890625,17365,SUPREMEIND.BO
2023-09-18,4100.792832119208,4120.531907123392,3967.554075840966,4054.406005859375,14826,SUPREMEIND.BO
2023-09-20,4074.5398091239144,4133.21440295952,4066.2003389929523,4116.04150390625,4254,SUPREMEIND.BO
2023-09-21,4105.776465484522,4109.9710186263255,3983.6411884875097,4021.19482421875,4775,SUPREMEIND.BO
2023-09-22,4029.830891936462,4076.11892572778,4008.01911800981,4051.889404296875,2747,SUPREMEIND.BO
2023-09-25,4056.379109784175,4159.219862947449,4024.7965960340307,4133.2626953125,3096,SUPREMEIND.BO
2023-09-26,4145.155968330858,4145.155968330858,4053.517230116899,4121.7158203125,2149,SUPREMEIND.BO
2023-09-27,4136.322902887854,4181.08134898276,4074.193975516736,4088.406494140625,2555,SUPREMEIND.BO
2023-09-28,4143.72496869148,4143.72496869148,4007.7721011346734,4063.189453125,1756,SUPREMEIND.BO
2023-09-29,4068.8155682797847,4112.636217774519,4046.5103174647297,4074.29296875,1723,SUPREMEIND.BO
2023-10-03,4071.1349615942163,4071.1349615942163,3952.7496694901556,3961.977783203125,4995,SUPREMEIND.BO
2023-10-04,3957.6844671557938,3985.0230373537747,3884.6498909539164,3903.1552734375,4089,SUPREMEIND.BO
2023-10-05,3868.9574369166426,3935.03394135144,3786.0533230917677,3805.841552734375,3700,SUPREMEIND.BO
2023-10-06,3839.2496581176147,3971.9455267732837,3834.364285792597,3860.66650390625,6492,SUPREMEIND.BO
2023-10-09,3840.286303132743,3994.2016868837027,3826.1728168090917,3963.655517578125,5825,SUPREMEIND.BO
2023-10-10,3963.6552477565674,4077.105521446437,3945.001679228949,3975.251953125,7470,SUPREMEIND.BO
2023-10-11,4000.320670749254,4093.637190857803,3934.7376458688077,4070.937255859375,7720,SUPREMEIND.BO
2023-10-12,4072.1711649218096,4166.918724745487,4066.2002875098256,4114.11669921875,2726,SUPREMEIND.BO
2023-10-13,4094.5750887391655,4118.903401541958,4073.256792016364,4109.37939453125,2179,SUPREMEIND.BO
2023-10-16,4145.15652247621,4334.947532512694,4130.8948482740925,4282.1455078125,16749,SUPREMEIND.BO
2023-10-17,4317.873117410687,4635.523768076021,4288.313662462011,4566.43701171875,9699,SUPREMEIND.BO
2023-10-18,4539.987254491189,4753.021318021635,4448.200555650388,4658.22412109375,13569,SUPREMEIND.BO
2023-10-19,4594.220708191801,4618.943707709038,4466.706086573542,4594.5166015625,6346,SUPREMEIND.BO
2023-10-20,4551.830178780318,4820.034829925928,4500.903274673698,4631.3291015625,14644,SUPREMEIND.BO
2023-10-23,4633.796829853534,4796.841775738022,4098.917555117362,4240.693359375,7732,SUPREMEIND.BO
2023-10-25,4373.389890744088,4387.009660480151,4138.050563324669,4344.96533203125,6173,SUPREMEIND.BO
2023-10-26,4311.309048592705,4311.309048592705,4065.5084569420874,4121.81396484375,12001,SUPREMEIND.BO
2023-10-27,4177.083617792818,4209.899825694201,4109.3789849145105,4162.87158203125,2712,SUPREMEIND.BO
2023-10-30,4173.23476475106,4589.334524706656,4078.2901116875796,4452.740234375,14443,SUPREMEIND.BO
2023-10-31,4475.7857968787175,4475.7857968787175,4219.226994253243,4280.0234375,5855,SUPREMEIND.BO
2023-11-01,4183.647454608618,4451.161054251047,4183.647454608618,4416.61767578125,5765,SUPREMEIND.BO
2023-11-02,4386.515573703444,4479.831850169264,4386.515573703444,4453.92431640625,10158,SUPREMEIND.BO
2023-11-03,4459.945100221824,4460.043891976717,4300.30533489161,4319.00830078125,6375,SUPREMEIND.BO
2023-11-06,4322.314624130152,4387.650670677859,4263.294503042178,4348.07373046875,2302,SUPREMEIND.BO
2023-11-07,4351.979289495251,4417.731106546581,4273.4229781135955,4292.35791015625,3421,SUPREMEIND.BO
2023-11-08,4360.334669774143,4382.581526478829,4289.095001187192,4338.0380859375,1819,SUPREMEIND.BO
2023-11-09,4330.672112134038,4330.672112134038,4152.7957505545155,4178.701171875,8608,SUPREMEIND.BO
2023-11-10,4202.134965823071,4272.731563996374,4146.468094731027,4199.02001953125,3827,SUPREMEIND.BO
2023-11-13,4243.464201251297,4255.032759521523,4161.64520838043,4215.72998046875,1780,SUPREMEIND.BO
2023-11-15,4238.026186656981,4256.417018022758,4061.040082857249,4105.92919921875,5012,SUPREMEIND.BO
2023-11-16,4152.697377481538,4152.697377481538,4004.928617073143,4025.34619140625,8601,SUPREMEIND.BO
2023-11-17,4029.201870819985,4181.419739028191,4029.201870819985,4139.6943359375,9164,SUPREMEIND.BO
2023-11-20,4177.465124306539,4193.8287294890515,4087.5381967404237,4148.39599609375,1804,SUPREMEIND.BO
2023-11-21,4112.455165616375,4157.4924991692815,4053.8717747255246,4075.1298828125,3280,SUPREMEIND.BO
2023-11-22,4077.601772400205,4090.9006424888034,4005.522051012068,4034.343994140625,2481,SUPREMEIND.BO
2023-11-23,4045.4178906430466,4083.4352493352876,4042.7483160655943,4061.78173828125,1720,SUPREMEIND.BO
2023-11-24,4004.4835003261314,4115.025702390381,3992.569024917534,4084.0283203125,3311,SUPREMEIND.BO
2023-11-28,4083.5836862474216,4144.737924507505,4026.236470587973,4085.66015625,9424,SUPREMEIND.BO
2023-11-29,4137.8663024351445,4186.413503623609,4054.860611075775,4069.98828125,8103,SUPREMEIND.BO
2023-11-30,4073.44808887921,4532.771743618149,4044.7251224739075,4411.056640625,18883,SUPREMEIND.BO
2023-12-01,4399.884508227322,4454.314956253597,4267.589581230249,4410.11767578125,6050,SUPREMEIND.BO
2023-12-04,4410.117913620224,4726.122258078713,4409.772237626462,4659.28271484375,6848,SUPREMEIND.BO
2023-12-05,4660.222163157245,4785.546124156594,4547.70269740269,4574.39892578125,4383,SUPREMEIND.BO
2023-12-06,4572.717074818142,4627.345458705639,4488.475464377943,4523.8232421875,1315,SUPREMEIND.BO
2023-12-07,4523.823348386157,4523.823348386157,4453.374978370647,4472.2109375,2552,SUPREMEIND.BO
2023-12-08,4484.323659059015,4516.012876943793,4437.555533495831,4468.998046875,1419,SUPREMEIND.BO
2023-12-11,4482.444964325402,4499.649102736615,4457.726235922031,4478.63818359375,1163,SUPREMEIND.BO
2023-12-12,4465.240252354842,4505.136375744385,4371.259841990776,4384.3115234375,2438,SUPREMEIND.BO
2023-12-13,4377.093916682208,4406.756393900395,4344.762106187013,4382.72998046875,755,SUPREMEIND.BO
2023-12-14,4408.832593628061,4424.454637557015,4387.92064502856,4395.8798828125,1114,SUPREMEIND.BO
2023-12-15,4447.937032498481,4447.937032498481,4358.75215411684,4386.18994140625,626,SUPREMEIND.BO
2023-12-18,4390.787835077835,4440.472480399608,4362.608483999815,4409.47509765625,2101,SUPREMEIND.BO
2023-12-19,4416.4460519699705,4418.324578810431,4346.640264939569,4382.482421875,1439,SUPREMEIND.BO
2023-12-20,4406.409775381591,4628.334712397001,4394.79197301657,4582.01171875,11442,SUPREMEIND.BO
2023-12-21,4579.34260094767,4579.34260094767,4354.8965361994815,4401.4169921875,5497,SUPREMEIND.BO
2023-12-22,4497.8197043178525,4558.627774622436,4461.4831745017,4487.3388671875,4621,SUPREMEIND.BO
2023-12-26,4518.583679399159,4566.0436392703095,4459.258729560221,4527.482421875,1406,SUPREMEIND.BO
2023-12-27,4568.021188661973,4688.84653096633,4480.368670852651,4580.82568359375,2492,SUPREMEIND.BO
2023-12-28,4580.825748854176,4608.4117546731195,4430.585116452132,4445.3173828125,4084,SUPREMEIND.BO
2023-12-29,4510.525344523157,4510.525344523157,4377.98323311381,4487.091796875,2166,SUPREMEIND.BO
2024-01-01,4492.827054718715,4492.827054718715,4404.87762155046,4418.32470703125,1360,SUPREMEIND.BO
2024-01-02,4429.25058166108,4445.0705700198805,4358.75295165227,4432.56298828125,1126,SUPREMEIND.BO
2024-01-03,4363.151946739282,4432.414112634864,4363.151946739282,4386.2890625,812,SUPREMEIND.BO
2024-01-04,4458.2205597710545,4458.2205597710545,4296.114947630885,4347.28271484375,1316,SUPREMEIND.BO
2024-01-05,4350.54522846532,4399.191876675603,4314.8020455169035,4330.9189453125,1035,SUPREMEIND.BO
2024-01-08,4331.017914026876,4414.765164118627,4297.252225510585,4311.7373046875,4203,SUPREMEIND.BO
2024-01-09,4311.984271559484,4342.091876180804,4221.9588548997,4238.125,1878,SUPREMEIND.BO
2024-01-10,4225.56828598489,4314.456750163614,4225.56828598489,4259.97705078125,2904,SUPREMEIND.BO
2024-01-11,4290.924309964015,4291.171497262245,4170.544095726302,4179.0966796875,5067,SUPREMEIND.BO
2024-01-12,4182.90324428652,4184.633555284629,4136.926409193901,4169.8515625,1270,SUPREMEIND.BO
2024-01-15,4134.108170473031,4143.847445589151,3998.3036274897895,4112.50390625,11027,SUPREMEIND.BO
2024-01-16,4137.667804871008,4191.258199318048,4095.3987807576837,4114.4814453125,4473,SUPREMEIND.BO
2024-01-17,4116.063777460321,4116.063777460321,4005.4228431253055,4014.519287109375,2111,SUPREMEIND.BO
2024-01-19,3990.8385612323573,4148.643014401267,3884.4490613453504,4065.884521484375,21260,SUPREMEIND.BO
2024-01-23,4042.7482479847645,4189.478531127854,4032.4653529729862,4113.09765625,4900,SUPREMEIND.BO
2024-01-24,4108.351610851961,4108.351610851961,4007.993574053596,4063.363525390625,1770,SUPREMEIND.BO
2024-01-25,4058.8153469702006,4058.8153469702006,3940.1654464497565,3971.805419921875,4772,SUPREMEIND.BO
2024-01-29,3979.8630733096543,4130.301142111259,3960.928625886715,4120.46337890625,6376,SUPREMEIND.BO
2024-01-30,4120.36501180948,4189.083079676961,4098.661774238418,4165.40234375,1523,SUPREMEIND.BO
2024-01-31,4152.795841830401,4167.577835334147,4037.062942270302,4100.095703125,5006,SUPREMEIND.BO
2024-02-01,4114.18541731142,4114.18541731142,3994.596249963221,4022.429443359375,4696,SUPREMEIND.BO
2024-02-02,4004.582246342119,4100.490913246126,3988.1691553989704,4087.291015625,2488,SUPREMEIND.BO
2024-02-05,4127.978866623603,4141.4254701680875,4069.049314877109,4127.2373046875,1544,SUPREMEIND.BO
2024-02-06,4209.699137033224,4209.699137033224,4077.157003040827,4103.01318359375,1609,SUPREMEIND.BO
2024-02-07,4109.340510557364,4149.483823305172,4090.0599017960253,4135.78955078125,3609,SUPREMEIND.BO
2024-02-08,4137.915246009074,4152.697239106901,4046.950323038265,4070.927490234375,2501,SUPREMEIND.BO
2024-02-09,4095.1516078758245,4105.237041867406,3979.715149803874,4008.685546875,3281,SUPREMEIND.BO
2024-02-12,3994.596025595333,4034.0965056005716,3868.7776970811974,3889.491943359375,4759,SUPREMEIND.BO
2024-02-13,3892.705476004127,3917.4242052142113,3804.6078285418494,3874.116943359375,4295,SUPREMEIND.BO
2024-02-14,3873.6719421722914,3873.6719421722914,3744.9368524583756,3756.20849609375,6371,SUPREMEIND.BO
2024-02-15,3821.070553440742,3821.070553440742,3742.4155107420206,3760.6083984375,3530,SUPREMEIND.BO
2024-02-16,3747.5075507901365,3928.844292469194,3747.5075507901365,3916.0400390625,1959,SUPREMEIND.BO
2024-02-19,3948.470826470145,4048.9278383829196,3890.3818129158108,4013.728271484375,4805,SUPREMEIND.BO
2024-02-20,4058.7661855837264,4058.7661855837264,3940.215012721014,4011.35546875,4197,SUPREMEIND.BO
2024-02-21,3996.919636020684,4010.2677501088015,3885.784323429748,3914.161376953125,82687,SUPREMEIND.BO
2024-02-22,3914.4578966408953,3938.1878763123736,3589.0604538382186,3784.6845703125,10748,SUPREMEIND.BO
2024-02-23,3860.472144217516,4026.680975452412,3853.204982689283,4009.82275390625,5333,SUPREMEIND.BO
2024-02-26,4009.822972263021,4066.2311634906405,3944.4667937177564,4039.38671875,9197,SUPREMEIND.BO
2024-02-27,4026.2359544166343,4172.472095991134,4013.629402973686,4126.59375,2567,SUPREMEIND.BO
2024-02-28,4195.756901647273,4195.756901647273,4026.7302874218312,4064.154296875,1940,SUPREMEIND.BO
2024-02-29,4053.8718622651973,4169.06114810761,3936.4578906447114,4104.4462890625,7087,SUPREMEIND.BO
2024-03-01,4104.446185594955,4104.446185594955,4050.163950535913,4088.7744140625,3953,SUPREMEIND.BO
2024-03-04,4087.0438568000177,4133.910952750848,3984.5108595942243,3996.128662109375,1557,SUPREMEIND.BO
2024-03-05,3994.5465348949742,3994.5465348949742,3856.121654972871,3895.17724609375,2624,SUPREMEIND.BO
2024-03-06,3913.321019674556,3964.8841926043806,3868.580119496165,3929.882568359375,1590,SUPREMEIND.BO
2024-03-07,3929.882666911993,3929.882666911993,3836.396381772404,3854.04541015625,2622,SUPREMEIND.BO
2024-03-11,3868.629348956396,3996.524150835703,3851.178022638561,3981.396240234375,5809,SUPREMEIND.BO
2024-03-12,3947.333792019698,3953.958363042461,3836.346699990339,3875.20458984375,2565,SUPREMEIND.BO
2024-03-13,3860.867717127784,3872.139360845009,3563.649627009501,3674.63671875,45977,SUPREMEIND.BO
2024-03-14,3658.421406326519,3990.591640945588,3585.2539679147317,3924.988037109375,16861,SUPREMEIND.BO
2024-03-15,3968.691042314909,3972.794254905668,3781.5702576606286,3841.83447265625,3730,SUPREMEIND.BO
2024-03-18,3840.3513960121577,3853.106164192652,3737.4719930052925,3766.936767578125,2347,SUPREMEIND.BO
2024-03-19,3752.5009259560293,3841.290652640755,3735.148329169191,3774.896240234375,2185,SUPREMEIND.BO
2024-03-20,3790.666507353511,3825.470428859144,3692.9780438844414,3787.25537109375,2478,SUPREMEIND.BO
2024-03-21,3848.1622889767627,3980.5559478506357,3808.3651348317876,3911.343505859375,2934,SUPREMEIND.BO
2024-03-22,3887.3166959616215,3913.8644653042816,3836.3466299575175,3883.60888671875,1435,SUPREMEIND.BO
2024-03-26,3863.1912530793975,3918.412991211285,3797.78559153231,3894.781982421875,5876,SUPREMEIND.BO
2024-03-27,3905.707493678312,4158.629824686654,3905.509792120227,4127.38525390625,7512,SUPREMEIND.BO
2024-03-28,4123.875108371374,4213.060482313657,4005.5221148398364,4180.1845703125,9488,SUPREMEIND.BO
2024-04-01,4194.372647346258,4259.63008784791,4104.445723721727,4119.67236328125,3089,SUPREMEIND.BO
2024-04-02,4148.148819146512,4148.148819146512,4029.1527630710398,4047.14794921875,5014,SUPREMEIND.BO
2024-04-03,4060.842063199721,4199.217701895259,4029.2518170645685,4144.8857421875,7275,SUPREMEIND.BO
2024-04-04,4202.084867687413,4207.127584851937,4077.8978793185047,4140.5849609375,6433,SUPREMEIND.BO
2024-04-05,4192.2964574753905,4334.033746763846,4128.0277617829615,4307.09033203125,6610,SUPREMEIND.BO
2024-04-08,4330.721037793717,4330.721037793717,4226.902382778115,4254.8837890625,1569,SUPREMEIND.BO
2024-04-09,4260.371943456786,4260.371943456786,4061.9795197176454,4125.0615234375,3511,SUPREMEIND.BO
2024-04-10,4124.962787720454,4124.962787720454,4058.815561245756,4077.107421875,104588,SUPREMEIND.BO
2024-04-12,4073.547681567018,4222.255462829314,4036.469587030823,4096.18994140625,5360,SUPREMEIND.BO
2024-04-15,4103.259956713502,4103.259956713502,3979.715550424379,3996.277099609375,2341,SUPREMEIND.BO
2024-04-16,4033.8492828979197,4108.252655295265,3991.53077164764,4044.033447265625,4013,SUPREMEIND.BO
2024-04-18,4046.1592653966522,4192.296439563995,4033.5032278663707,4154.625,3012,SUPREMEIND.BO
2024-04-19,4073.646594115886,4073.646594115886,3994.546660249558,4022.033935546875,4371,SUPREMEIND.BO
2024-04-22,4093.2733958618705,4200.2065232906525,4034.0966607876326,4160.21142578125,6140,SUPREMEIND.BO
2024-04-23,4162.781858507993,4162.781858507993,4059.6555221850635,4144.984375,4324,SUPREMEIND.BO
2024-04-24,4197.092405680718,4212.0718604579,4094.9543171382934,4200.75048828125,4830,SUPREMEIND.BO
2024-04-25,4202.480413518119,4276.290925453549,4165.204859398509,4253.15380859375,3791,SUPREMEIND.BO
2024-04-26,4276.340386050881,4414.765277160042,4053.8718110540144,4352.7705078125,17868,SUPREMEIND.BO
2024-04-29,4380.7024281267895,4943.74583431161,4380.7024281267895,4898.0654296875,100909,SUPREMEIND.BO
2024-04-30,4897.966736156772,5066.993109490209,4804.9253468886955,5020.47265625,25359,SUPREMEIND.BO
2024-05-02,4884.815982814974,4935.09397137236,4736.256429757384,4755.48779296875,17882,SUPREMEIND.BO
2024-05-03,4765.672446781613,5091.020679437659,4755.488522550618,4919.818359375,23622,SUPREMEIND.BO
2024-05-06,4919.817765392635,5240.37042889401,4870.924410214515,5209.373046875,27521,SUPREMEIND.BO
2024-05-07,5225.193304804381,5476.829973391063,5152.866398190541,5183.22119140625,18683,SUPREMEIND.BO
2024-05-08,5141.495785168704,5328.369381975797,4919.027217541212,5273.5927734375,12194,SUPREMEIND.BO
2024-05-09,5492.502162851319,5492.502162851319,5181.046144615825,5310.91845703125,14885,SUPREMEIND.BO
2024-05-10,5341.766358096472,5341.766358096472,5130.619176913985,5215.1572265625,5641,SUPREMEIND.BO
2024-05-13,5289.759110228814,5289.759110228814,5044.845734043035,5217.4814453125,5180,SUPREMEIND.BO
2024-05-14,5217.283208001342,5220.59561427627,5092.651568317262,5130.8173828125,4045,SUPREMEIND.BO
2024-05-15,5180.007729377117,5379.388905724883,5117.617559324292,5331.4345703125,7138,SUPREMEIND.BO
2024-05-16,5377.757497607147,5536.99535850773,5300.288903489061,5490.67236328125,7408,SUPREMEIND.BO
2024-05-17,5461.157973312595,5590.882054580634,5388.732098257677,5535.11669921875,10708,SUPREMEIND.BO
2024-05-21,5561.664947651118,5561.664947651118,5350.2208368787815,5521.62060546875,2797,SUPREMEIND.BO
2024-05-22,5521.620765762234,5551.876105614854,5368.957500212403,5402.4267578125,5182,SUPREMEIND.BO
2024-05-23,5438.071245050623,5535.017909023755,5409.248820226683,5446.8212890625,2462,SUPREMEIND.BO
2024-05-24,5443.014556007241,5465.162439309434,5385.568136688553,5398.421875,1280,SUPREMEIND.BO
2024-05-27,5389.32530136663,5777.360087129421,5389.32530136663,5545.74560546875,4769,SUPREMEIND.BO
2024-05-28,5526.959998120912,5627.960635741335,5463.086701094485,5574.123046875,4286,SUPREMEIND.BO
2024-05-29,5492.551257601545,5510.6949026637185,5356.054618506042,5452.556640625,2452,SUPREMEIND.BO
2024-05-30,5455.670366288556,5532.051234540251,5411.42384390327,5442.96484375,3967,SUPREMEIND.BO
2024-05-31,5454.0392437326645,5506.4429483066,5152.371783674989,5227.26953125,15161,SUPREMEIND.BO
2024-06-03,5388.534520122362,5517.22012229543,5339.294523981968,5500.90576171875,7647,SUPREMEIND.BO
2024-06-04,5500.955542778806,5556.276254883251,5141.495956115829,5231.1259765625,4670,SUPREMEIND.BO
2024-06-05,5265.0892945817,5655.002623687273,5265.0892945817,5454.23681640625,7058,SUPREMEIND.BO
2024-06-06,5527.108013240065,5784.182804553557,5451.963074240737,5669.88330078125,7629,SUPREMEIND.BO
2024-06-07,5616.886077286334,5743.6439136674,5527.157090341022,5675.6181640625,5759,SUPREMEIND.BO
2024-06-10,5840.2450821711745,5941.9872781092545,5738.255216145848,5932.54443359375,4693,SUPREMEIND.BO
2024-06-11,5853.444297566293,6179.682277473758,5790.115106701813,6093.31494140625,10074,SUPREMEIND.BO
2024-06-12,6080.856480533555,6409.46735513145,6078.878982245364,6091.9306640625,11182,SUPREMEIND.BO
2024-06-13,6092.276895019151,6288.395386632331,5952.269917998398,5986.33251953125,8345,SUPREMEIND.BO
2024-06-14,6075.61649460758,6156.446739684136,5873.21934531916,5970.80908203125,7110,SUPREMEIND.BO
2024-06-18,6085.701529515782,6182.005596300834,5961.26735742782,6084.31689453125,5149,SUPREMEIND.BO
2024-06-19,6064.146923355381,6182.3521772357135,6028.255521315788,6099.54443359375,1979,SUPREMEIND.BO
2024-06-20,6090.694828391472,6130.937112336986,6008.776863890392,6088.4208984375,1650,SUPREMEIND.BO
2024-06-21,6148.156607206605,6266.636458408989,5789.045370612792,5823.875,9770,SUPREMEIND.BO
2024-06-24,5834.690856690303,5958.727652113141,5783.935096907024,5912.337890625,4774,SUPREMEIND.BO
2024-06-25,5958.727873312137,5970.834058802302,5816.184879624498,5846.8466796875,2681,SUPREMEIND.BO
2024-06-26,5854.53690703007,5891.9960202911525,5708.124063442266,5723.1572265625,4083,SUPREMEIND.BO
2024-06-27,5725.737360796968,5943.843476875482,5675.427840732775,5705.24609375,3962,SUPREMEIND.BO
2024-06-28,5750.59416935249,5928.859762889044,5725.638061889007,5909.857421875,3167,SUPREMEIND.BO
2024-07-01,5933.622998413986,5964.681619226649,5829.779002172791,5920.47509765625,2249,SUPREMEIND.BO
2024-07-02,5922.806870472211,6019.258084023719,5825.562015174762,5985.02392578125,5075,SUPREMEIND.BO
2024-07-03,5956.7430664589465,6064.208352261233,5940.717609385796,6042.8740234375,7801,SUPREMEIND.BO
2024-07-04,6052.996226731334,6271.301008679021,5953.766780391476,5966.6171875,5016,SUPREMEIND.BO
2024-07-05,5954.808450542681,6057.6601585077915,5954.808450542681,5989.68798828125,1221,SUPREMEIND.BO
2024-07-08,6003.381027718363,6007.052710749424,5820.898187267168,5831.36669921875,1331,SUPREMEIND.BO
2024-07-09,5928.909958613318,6033.150297495261,5872.299269140192,5976.0439453125,2393,SUPREMEIND.BO
2024-07-10,6172.070954519288,6216.128727451659,5841.93442525061,5871.40576171875,5955,SUPREMEIND.BO
2024-07-11,5971.578185095316,5971.578185095316,5715.615654802356,5787.8544921875,3230,SUPREMEIND.BO
2024-07-12,5864.459925142119,5953.76642146408,5712.638881394785,5748.75830078125,5433,SUPREMEIND.BO
2024-07-15,5867.982281073346,5894.228661428788,5717.153534181565,5803.13623046875,4760,SUPREMEIND.BO
2024-07-16,5805.17022659439,5864.459816105781,5716.607952721727,5749.75048828125,3382,SUPREMEIND.BO
2024-07-18,5706.040093542057,5768.554639576335,5570.095763277039,5680.14111328125,4673,SUPREMEIND.BO
2024-07-19,5685.846996650429,5842.629514184595,5671.706801239911,5733.67578125,8208,SUPREMEIND.BO
2024-07-22,5685.8468351277015,5814.8451053836525,5587.361617259216,5648.1396484375,5154,SUPREMEIND.BO
2024-07-23,5705.692867221507,5705.692867221507,5438.76567047671,5464.61474609375,4304,SUPREMEIND.BO
2024-07-24,5517.156781521518,5517.156781521518,5304.110983218937,5325.4453125,3418,SUPREMEIND.BO
2024-07-25,5308.080435217483,5308.080435217483,5199.622847118491,5234.998046875,34445,SUPREMEIND.BO
2024-07-26,5250.2787621656025,5505.7451332375795,5250.2787621656025,5388.60498046875,13236,SUPREMEIND.BO
2024-07-29,5478.407907209294,5478.407907209294,5273.945357403789,5313.43896484375,3309,SUPREMEIND.BO
2024-07-30,5383.197233673289,5442.387498979419,5281.0902346609155,5285.60498046875,3385,SUPREMEIND.BO
2024-07-31,5279.154825667951,5391.135342862896,5279.154825667951,5313.240234375,3674,SUPREMEIND.BO
2024-08-01,5338.5439425693285,5370.297363789072,5189.699780601782,5208.9501953125,4832,SUPREMEIND.BO
2024-08-02,5203.591743099311,5241.596424150835,5111.209039162278,5123.41455078125,4607,SUPREMEIND.BO
2024-08-05,4764.997839739924,5093.298547905225,4764.997839739924,4931.85205078125,9344,SUPREMEIND.BO
2024-08-06,4991.191134967976,5151.9428188749725,4956.758327385345,4981.9130859375,4210,SUPREMEIND.BO
2024-08-07,5050.778411893425,5277.4682576060395,5050.778411893425,5165.98388671875,4872,SUPREMEIND.BO
2024-08-08,5200.416348270299,5200.416348270299,5026.9634792715115,5045.9658203125,4394,SUPREMEIND.BO
2024-08-09,5066.2083749698095,5117.162788256066,5015.353288025242,5096.37451171875,4514,SUPREMEIND.BO
2024-08-12,5070.674260433227,5120.239563973393,4980.871609165863,5072.11328125,2627,SUPREMEIND.BO
2024-08-13,5085.508733124088,5170.746724059434,5031.974257140582,5048.84326171875,1428,SUPREMEIND.BO
2024-08-14,5011.08685537271,5154.969547259649,5011.08685537271,5142.119140625,1439,SUPREMEIND.BO
2024-08-16,5142.11861091457,5234.352562192345,5142.11861091457,5215.9951171875,672,SUPREMEIND.BO
2024-08-19,5229.391529946653,5265.759023094618,5182.555040083462,5228.25048828125,629,SUPREMEIND.BO
2024-08-20,5258.316758476819,5441.097580264485,5222.098012975864,5384.685546875,5569,SUPREMEIND.BO
2024-08-21,5441.047601741512,5680.389200959332,5441.047601741512,5539.4833984375,5655,SUPREMEIND.BO
2024-08-22,5556.848688709598,5610.978154896579,5441.047737407022,5500.13916015625,1920,SUPREMEIND.BO
2024-08-23,5410.981037197369,5548.90995048738,5410.981037197369,5461.04248046875,530,SUPREMEIND.BO
2024-08-26,5408.25250833768,5409.989023523147,5334.773302440137,5373.1748046875,1950,SUPREMEIND.BO
2024-08-28,5505.200307157785,5505.200307157785,5286.94494433624,5332.044921875,940,SUPREMEIND.BO
2024-08-29,5283.967417218302,5373.273908776921,5283.967417218302,5339.88330078125,905,SUPREMEIND.BO
2024-08-30,5308.328553449522,5386.918467286333,5184.738474155393,5230.9794921875,5364,SUPREMEIND.BO
2024-09-02,5324.503014565067,5331.39916994861,5186.722839925772,5247.55029296875,1676,SUPREMEIND.BO
2024-09-03,5328.571435851968,5328.571435851968,5154.969339085284,5173.9716796875,839,SUPREMEIND.BO
2024-09-04,5163.6521918625895,5223.041110997037,5123.761761569302,5187.71533203125,1298,SUPREMEIND.BO
2024-09-05,5258.168371030122,5258.168371030122,5178.139919316483,5192.82568359375,527,SUPREMEIND.BO
2024-09-06,5239.31420616308,5432.811605822511,5192.825118623208,5267.89208984375,13272,SUPREMEIND.BO
2024-09-09,5358.042365271143,5388.456091756994,5167.02569308523,5349.16162109375,1973,SUPREMEIND.BO
2024-09-10,5279.055576483259,5447.696201895895,5279.055576483259,5325.197265625,2910,SUPREMEIND.BO
2024-09-11,5325.197184796377,5377.739365764539,5243.829046039537,5264.3203125,1143,SUPREMEIND.BO
2024-09-12,5259.607164446882,5373.274296712964,5259.607164446882,5290.0703125,1532,SUPREMEIND.BO
2024-09-13,5264.568516388348,5370.744017150047,5210.5378925203395,5232.26904296875,1647,SUPREMEIND.BO
2024-09-16,5259.160325118653,5364.690931565115,5230.383787490645,5349.16162109375,3243,SUPREMEIND.BO
2024-09-17,5308.774721012201,5361.862468222323,5308.774721012201,5353.08056640625,1295,SUPREMEIND.BO
2024-09-18,5348.466667602229,5369.304849424056,5286.696342916099,5317.0107421875,1241,SUPREMEIND.BO
2024-09-19,5353.42809085892,5426.857873754853,5229.391295426601,5379.12841796875,3489,SUPREMEIND.BO
2024-09-20,5409.344439819392,5567.764151650444,5205.576677875285,5508.02783203125,18477,SUPREMEIND.BO
2024-09-23,5497.261352062795,5497.310772973469,5382.105300484484,5404.53125,3520,SUPREMEIND.BO
2024-09-24,5456.875291681132,5456.875291681132,5265.0649669848535,5350.8984375,5363,SUPREMEIND.BO
2024-09-25,5350.848266816412,5354.817444446944,5182.853017411648,5191.0888671875,1334,SUPREMEIND.BO
2024-09-26,5249.088359865207,5259.1600506055465,5194.66091790944,5228.39892578125,1969,SUPREMEIND.BO
2024-09-27,5251.172516558203,5255.637841334963,5164.89232511974,5207.1142578125,66713,SUPREMEIND.BO
2024-09-30,5225.422033951331,5350.451121736722,5169.357403317405,5281.08984375,2304,SUPREMEIND.BO
2024-10-01,5288.631436912749,5389.15066163286,5269.08304424056,5353.9736328125,2632,SUPREMEIND.BO
2024-10-03,5353.428456348456,5365.881557652567,5085.558380837286,5149.16455078125,2037,SUPREMEIND.BO
2024-10-04,5138.547482653954,5282.876422342266,5101.832587330582,5237.97509765625,2256,SUPREMEIND.BO
2024-10-07,5234.997830767654,5452.657703326484,5189.154120406349,5381.1630859375,3292,SUPREMEIND.BO
2024-10-08,5372.778248614711,5478.457606538335,5205.973456246531,5396.09716796875,5100,SUPREMEIND.BO
2024-10-09,5447.696243370908,5535.018150368474,5250.825131771053,5402.794921875,5866,SUPREMEIND.BO
2024-10-10,5398.081392986941,5405.62292713089,5250.825004832001,5271.61328125,2151,SUPREMEIND.BO
2024-10-11,5276.525389101757,5283.520870704353,5176.055582680215,5183.150390625,2419,SUPREMEIND.BO
2024-10-14,5183.1504821229255,5316.8127318700235,5116.269936336781,5242.142578125,3138,SUPREMEIND.BO
2024-10-15,5242.290978898425,5356.950395655335,5190.642252499276,5307.93115234375,5018,SUPREMEIND.BO
2024-10-16,5210.587473796764,5261.293816082789,5182.158335275819,5187.2685546875,2452,SUPREMEIND.BO
2024-10-17,5258.118616713211,5258.118616713211,5120.338442054347,5197.6875,1299,SUPREMEIND.BO
2024-10-18,5193.669338286462,5203.294788605514,4903.522527564129,5015.205078125,4516,SUPREMEIND.BO
2024-10-21,5137.554703118737,5137.554703118737,4932.6953356934755,4939.74072265625,1485,SUPREMEIND.BO
2024-10-22,5000.221068753726,5000.221068753726,4380.285121742855,4444.0400390625,14697,SUPREMEIND.BO
2024-10-23,4564.554387157714,4757.05950696393,4149.4778200634655,4543.765625,10881,SUPREMEIND.BO
2024-10-24,4564.603521276298,4608.4631262220855,4322.43427417202,4337.8642578125,5398,SUPREMEIND.BO
2024-10-25,4350.218722366981,4380.036975778257,4197.405382210842,4258.03466796875,6400,SUPREMEIND.BO
2024-10-28,4217.202122752987,4352.203593066939,4154.240844134687,4296.23828125,48690,SUPREMEIND.BO
2024-10-29,4356.122708673829,4363.961737014666,4256.942696107383,4300.30615234375,4823,SUPREMEIND.BO
2024-10-31,4376.0937796291955,4376.0937796291955,4241.874232228206,4271.7119140625,6111,SUPREMEIND.BO
2024-11-01,4301.598895323106,4344.266680879487,4301.598895323106,4316.81591796875,924,SUPREMEIND.BO
2024-11-04,4326.215304584056,4326.215304584056,4142.464910303487,4192.7412109375,6920,SUPREMEIND.BO
2024-11-06,4356.5997879377455,4700.0318017722,4356.5997879377455,4655.52392578125,25112,SUPREMEIND.BO
2024-11-07,4659.651177713261,4719.326539647689,4600.821313867438,4643.19091796875,6878,SUPREMEIND.BO
2024-11-08,4617.878619839278,4617.878619839278,4535.327699002178,4563.9716796875,1869,SUPREMEIND.BO
2024-11-11,4572.127419350931,4758.115635017371,4561.286492143164,4610.27001953125,3417,SUPREMEIND.BO
2024-11-12,4610.319428747347,4645.030500332653,4575.558821949705,4589.33349609375,25425,SUPREMEIND.BO
2024-11-13,4542.4387834772115,4589.582222896353,4441.587517612108,4488.73095703125,4607,SUPREMEIND.BO
2024-11-14,4575.0617783783355,4637.1735960238275,4396.333866067648,4517.57421875,3849,SUPREMEIND.BO
2024-11-18,4607.186635625178,4635.134694210452,4455.809938386623,4606.93798828125,2520,SUPREMEIND.BO
2024-11-19,4551.290530926336,4651.346319524647,4487.88545805118,4624.44287109375,2645,SUPREMEIND.BO
2024-11-21,4545.322995040298,4585.603864870276,4480.575615010254,4521.85107421875,1634,SUPREMEIND.BO
2024-11-22,4604.89951381298,4604.89951381298,4478.586656528611,4525.03369140625,975,SUPREMEIND.BO
2024-11-25,4540.300388637522,4664.624057548735,4509.865857360191,4603.50634765625,4032,SUPREMEIND.BO
2024-11-26,4565.41374658163,4653.7831071229875,4509.766278403728,4539.05712890625,4220,SUPREMEIND.BO
2024-11-27,4480.6746552435825,4602.511853291033,4475.652173171648,4556.7607421875,2191,SUPREMEIND.BO
2024-11-28,4624.790965652826,4624.790965652826,4485.597991161387,4499.57177734375,1821,SUPREMEIND.BO
2024-11-29,4476.6468803512635,4754.684152303519,4458.246976488455,4629.216796875,7763,SUPREMEIND.BO
2024-12-02,4536.6702628841285,4778.952327494917,4536.6702628841285,4744.7880859375,5256,SUPREMEIND.BO
2024-12-03,4774.625818571056,4821.42105409366,4717.088726487247,4737.52734375,1699,SUPREMEIND.BO
2024-12-04,4757.4693499024215,4781.985881723068,4670.740959122915,4687.74853515625,3703,SUPREMEIND.BO
2024-12-05,4732.902885976239,4743.992460974201,4638.466911140295,4736.6826171875,1793,SUPREMEIND.BO
2024-12-06,4773.780249735053,4791.931505437468,4664.673603394121,4716.69091796875,1648,SUPREMEIND.BO
2024-12-09,4709.430137911368,5020.338867859466,4709.430137911368,4990.89892578125,12580,SUPREMEIND.BO
2024-12-10,5057.984142668154,5057.984142668154,4853.6955871750315,4893.77734375,5937,SUPREMEIND.BO
2024-12-11,4905.662925236508,4950.618072909443,4878.460809121997,4934.80419921875,1824,SUPREMEIND.BO
2024-12-12,4935.103063846719,4935.103063846719,4788.94795737171,4808.193359375,4090,SUPREMEIND.BO
2024-12-13,4814.459113732357,4814.459113732357,4720.3213235294115,4776.515625,1404,SUPREMEIND.BO
2024-12-16,4802.673122693316,4910.039243176,4768.857082936799,4875.875,4077,SUPREMEIND.BO
2024-12-17,4867.371378746459,4968.1230896018205,4867.371378746459,4947.0380859375,5127,SUPREMEIND.BO
2024-12-18,4928.239788090522,5125.516683736744,4928.239788090522,5075.986328125,12422,SUPREMEIND.BO
2024-12-19,4976.030342595619,5062.460064646086,4937.340911920988,4996.86669921875,1697,SUPREMEIND.BO
2024-12-20,5027.649495173949,5027.649495173949,4798.893929617073,4821.22265625,1636,SUPREMEIND.BO
2024-12-23,4873.438424277686,4873.438424277686,4698.83796732497,4737.626953125,1347,SUPREMEIND.BO
2024-12-24,4725.592450908019,4770.945824953675,4636.775811199768,4740.16357421875,1376,SUPREMEIND.BO
2024-12-26,4721.3653879533285,4758.662490223758,4694.461939104667,4718.431640625,1806,SUPREMEIND.BO
2024-12-27,4714.4034689130895,4800.286363968124,4714.4034689130895,4744.58935546875,960,SUPREMEIND.BO
2024-12-30,4691.826378273327,4735.140552157301,4560.1923747553,4648.51171875,3396,SUPREMEIND.BO
2024-12-31,4600.871074600528,4707.391698002663,4600.871074600528,4671.68603515625,2893,SUPREMEIND.BO
2025-01-01,4661.1431764430945,4707.2920270132845,4637.1734750151545,4675.6142578125,1107,SUPREMEIND.BO
2025-01-02,4702.965532808277,4707.789388546349,4624.840729366866,4671.138671875,1234,SUPREMEIND.BO
2025-01-03,4743.197000238065,4786.660752663325,4550.246650469521,4585.80322265625,3495,SUPREMEIND.BO
2025-01-06,4627.824597204032,4673.5757107805175,4477.144299229304,4496.4892578125,5941,SUPREMEIND.BO
2025-01-07,4496.289934092089,4573.121963602373,4491.565634542913,4503.451171875,2754,SUPREMEIND.BO
2025-01-08,4500.516952408684,4643.737823380364,4416.076411026168,4583.06787109375,3692,SUPREMEIND.BO
2025-01-09,4585.106476945695,4650.699839380893,4537.515764662815,4641.74853515625,2090,SUPREMEIND.BO
2025-01-10,4645.727210529577,4645.727210529577,4501.114005064644,4514.44140625,1604,SUPREMEIND.BO
2025-01-13,4418.9606583042405,4465.905471752409,4234.712973867855,4254.654296875,3358,SUPREMEIND.BO
2025-01-14,4248.686741951777,4368.584783735642,4248.686741951777,4354.9091796875,1119,SUPREMEIND.BO
2025-01-15,4366.247627357883,4408.269031060815,4332.481121724275,4343.3720703125,2372,SUPREMEIND.BO
2025-01-16,4395.687287367827,4395.687287367827,4271.761354439456,4296.37744140625,1571,SUPREMEIND.BO
2025-01-17,4279.7675433281365,4330.690712721109,4167.329410645104,4179.41357421875,3475,SUPREMEIND.BO
2025-01-20,4206.267557481637,4230.8836445089555,3982.8331515514383,4002.426513671875,10540,SUPREMEIND.BO
2025-01-21,3993.276317733515,4034.054481874754,3912.714578820336,3936.13720703125,19594,SUPREMEIND.BO
2025-01-22,3937.579470739122,3990.2927094229244,3798.386731495546,3865.12353515625,1610,SUPREMEIND.BO
2025-01-23,3865.123502754725,4032.0654308053076,3865.123502754725,3947.87353515625,6075,SUPREMEIND.BO
2025-01-24,3968.36191075116,3978.357582741734,3766.311172145535,3782.672119140625,4281,SUPREMEIND.BO
2025-01-27,3782.672084543709,3782.672084543709,3514.779336138156,3526.81396484375,7404,SUPREMEIND.BO
2025-01-28,3497.0260244938977,3625.2782759814895,3436.5051638287246,3598.971435546875,2319,SUPREMEIND.BO
2025-01-29,3648.104168458637,3814.2503775355626,3616.2275293862226,3801.619140625,4911,SUPREMEIND.BO
2025-01-30,3799.331427300189,3888.7946933660064,3720.659310303355,3750.347900390625,4994,SUPREMEIND.BO
2025-01-31,3710.9621261787515,3953.492847418041,3710.9621261787515,3949.216064453125,3188,SUPREMEIND.BO
2025-02-01,3943.447297451825,4029.0317613360908,3570.227636220513,3728.665771484375,12361,SUPREMEIND.BO
2025-02-03,3739.606300096996,3896.801200562116,3681.1243958431555,3842.8447265625,6199,SUPREMEIND.BO
2025-02-04,3870.3949115531277,4022.119574635009,3870.3949115531277,3970.947998046875,3388,SUPREMEIND.BO
2025-02-05,3978.3077224212225,4048.3269601210145,3925.1469688853413,3984.026611328125,4839,SUPREMEIND.BO
2025-02-06,3984.0266270353795,4046.5366666355794,3921.1686268443204,3944.49169921875,1972,SUPREMEIND.BO
2025-02-07,3969.2571369819843,4008.195214205516,3909.581773991332,4002.02880859375,1813,SUPREMEIND.BO
2025-02-10,3986.314280900083,3998.2493535973886,3888.3970038765397,3908.239013671875,2412,SUPREMEIND.BO
2025-02-11,3921.914573933657,3945.486293683227,3813.7529788242205,3878.252197265625,2030,SUPREMEIND.BO
2025-02-12,3839.1149753766713,3912.2172942083253,3751.939314061077,3863.929931640625,1518,SUPREMEIND.BO
2025-02-13,3873.925763298483,3929.4736791375803,3851.0502068014707,3855.028564453125,804,SUPREMEIND.BO
2025-02-14,3885.5126368406345,3885.5126368406345,3670.034937438417,3745.07666015625,3205,SUPREMEIND.BO
2025-02-17,3694.899471015776,3708.773944018644,3510.6020141128856,3612.199462890625,7366,SUPREMEIND.BO
2025-02-18,3615.7301377781396,3651.1376168619568,3540.7381955948154,3639.948486328125,2034,SUPREMEIND.BO
2025-02-19,3580.5218253056337,3704.0497797147427,3580.5218253056337,3692.960205078125,2886,SUPREMEIND.BO
2025-02-20,3709.7686797168685,3743.634497312014,3591.5618753540703,3723.344970703125,18498,SUPREMEIND.BO
2025-02-21,3729.7101228428833,3799.3313784692837,3622.5928966787696,3649.048828125,8693,SUPREMEIND.BO
2025-02-24,3646.1648055711953,3689.926739953392,3580.5219039979006,3671.029541015625,10882,SUPREMEIND.BO
2025-02-25,3616.128191593733,3706.2876236384377,3540.837822525413,3556.353271484375,1696,SUPREMEIND.BO
2025-02-27,3562.4202089896185,3576.7421986086747,3459.7288578354637,3475.09521484375,1746,SUPREMEIND.BO
2025-02-28,3436.3064495839517,3466.3927795694553,3296.4670798623006,3308.501708984375,7576,SUPREMEIND.BO
2025-03-03,3346.693718672281,3551.181393002597,3268.469360805149,3512.9892578125,13095,SUPREMEIND.BO
2025-03-04,3382.64834059606,3472.061830876103,3338.2895560555858,3356.241943359375,4198,SUPREMEIND.BO
2025-03-05,3344.0083386077217,3442.273817143864,3322.724223170759,3389.162841796875,94601,SUPREMEIND.BO
2025-03-06,3381.60400390625,3458.833774691119,3362.8558963449564,3381.60400390625,140040,SUPREMEIND.BO
2025-03-07,3382.1012460521965,3430.885904561393,3351.766269429761,3372.304443359375,282790,SUPREMEIND.BO
2025-03-10,3421.337762636776,3457.3916284359957,3284.183981317409,3298.25732421875,7640,SUPREMEIND.BO
2025-03-11,3331.8744794788954,3372.6028667163514,3279.558980076222,3319.392333984375,4156,SUPREMEIND.BO
2025-03-12,3341.8203719475327,3362.1098985064864,3267.226167216561,3337.792236328125,4277,SUPREMEIND.BO
2025-03-13,3371.359603011657,3371.359603011657,3311.9826650578875,3332.22265625,46506,SUPREMEIND.BO
2025-03-17,3282.145087408913,3340.87564124906,3282.145087408913,3326.901611328125,5436,SUPREMEIND.BO
2025-03-18,3326.901512795445,3412.983273147854,3326.901512795445,3404.927001953125,2407,SUPREMEIND.BO
2025-03-19,3406.4687566060175,3457.4414642778593,3401.495809516082,3411.541259765625,3852,SUPREMEIND.BO
2025-03-20,3470.022698657155,3530.493779920142,3411.5410389210397,3472.310302734375,7544,SUPREMEIND.BO
2025-03-21,3473.5038782343204,3528.6042759691513,3388.566041707417,3407.662109375,7003,SUPREMEIND.BO
2025-03-24,3471.5146423640967,3573.3607396155994,3417.508633790813,3481.162353515625,18768,SUPREMEIND.BO
2025-03-25,3724.836815934425,3724.836815934425,3411.4416024956568,3434.814453125,4990,SUPREMEIND.BO
2025-03-26,3480.7643353494013,3480.7643353494013,3382.598414060991,3399.2080078125,3972,SUPREMEIND.BO
2025-03-27,3391.499991207206,3486.284407222332,3353.1089870184637,3441.62744140625,10057,SUPREMEIND.BO
2025-03-28,3441.9754441625732,3486.8813006922437,3377.1780427060144,3405.822265625,8222,SUPREMEIND.BO
2025-04-01,3473.8022209040478,3473.8022209040478,3308.1037786571865,3315.9609375,2684,SUPREMEIND.BO
2025-04-02,3379.3661146783043,3379.3661146783043,3282.5925180433815,3338.23974609375,4618,SUPREMEIND.BO
2025-04-03,3300.5945703260286,3413.778888096853,3300.5945703260286,3406.568115234375,4015,SUPREMEIND.BO
2025-04-04,3402.490310746689,3405.9215955858745,3242.361418601054,3263.6953125,5846,SUPREMEIND.BO
2025-04-07,3003.660040587797,3154.8376320346,3003.660040587797,3097.300537109375,8906,SUPREMEIND.BO
2025-04-08,3148.4723343351357,3217.4967422812415,3097.9969217630264,3192.03515625,3998,SUPREMEIND.BO
2025-04-09,3108.5890845701615,3163.2417220395437,3089.194591801287,3119.579345703125,3563,SUPREMEIND.BO
2025-04-11,3181.98988662926,3182.686050638902,3129.2766489155533,3152.35107421875,4735,SUPREMEIND.BO
2025-04-15,3208.6944759295397,3373.895871380438,3188.6038187371523,3362.15966796875,5888,SUPREMEIND.BO
2025-04-16,3381.6039979696375,3389.610491293472,3244.1517899102196,3380.211669921875,6643,SUPREMEIND.BO
2025-04-17,3380.211663271096,3417.110784661002,3325.1112643090196,3375.13916015625,5831,SUPREMEIND.BO
2025-04-21,3385.73147431228,3510.4531331743656,3379.4657552269355,3495.28564453125,4543,SUPREMEIND.BO
2025-04-22,3516.8182477235737,3556.651600708191,3481.062808299404,3507.866943359375,1627,SUPREMEIND.BO
2025-04-23,3525.0735083808872,3525.0735083808872,3446.699814487075,3503.490966796875,5474,SUPREMEIND.BO
2025-04-24,3520.5479588970143,3601.1096981981805,3415.121485243637,3494.987060546875,32240,SUPREMEIND.BO
2025-04-25,3514.878896990384,3596.3356707350417,3382.5985083939718,3456.894287109375,14396,SUPREMEIND.BO
2025-04-28,3456.944174840501,3655.4145420664304,3456.944174840501,3604.789794921875,22754,SUPREMEIND.BO
2025-04-29,3582.0137128829956,3607.127095154354,3532.1846869711635,3564.6083984375,3990,SUPREMEIND.BO
2025-04-30,3532.8312336546196,3542.329610738033,3480.6650695644507,3518.906982421875,2205,SUPREMEIND.BO
2025-05-02,3462.1657222351655,3524.526429426514,3406.4687154999833,3428.946533203125,3667,SUPREMEIND.BO
2025-05-05,3439.5884552034277,3491.257324236267,3415.419885030223,3485.7373046875,2503,SUPREMEIND.BO
2025-05-06,3476.5375102529674,3494.7385450493916,3391.5498935947135,3427.603759765625,5006,SUPREMEIND.BO
2025-05-07,3352.0150024510426,3452.0210174852564,3352.0150024510426,3439.638427734375,2724,SUPREMEIND.BO
2025-05-08,3426.2608667177965,3513.884288445742,3419.398297106273,3454.55712890625,8100,SUPREMEIND.BO
2025-05-09,3280.851864711011,3469.973176713549,3280.851864711011,3464.05517578125,2516,SUPREMEIND.BO
2025-05-12,3539.3460045831193,3581.3176295128633,3506.325441607227,3559.23779296875,3510,SUPREMEIND.BO
2025-05-13,3571.3716474317907,3601.408198590984,3511.4974144284306,3568.73583984375,2302,SUPREMEIND.BO
2025-05-14,3571.3716159552864,3571.3716159552864,3517.2162724493596,3554.413818359375,3509,SUPREMEIND.BO
2025-05-15,3530.792386710488,3642.5346034572112,3529.6487060229465,3623.09033203125,12736,SUPREMEIND.BO
2025-05-16,3668.990360284841,3694.999017664627,3591.7605938344245,3662.32666015625,12163,SUPREMEIND.BO
2025-05-19,3679.9808116217596,3847.5193489274684,3648.2535066170008,3821.411376953125,17418,SUPREMEIND.BO
2025-05-20,3868.952631184947,3868.952631184947,3690.921134788519,3704.24853515625,10247,SUPREMEIND.BO
2025-05-21,3730.655062554365,3831.158370020313,3580.5218411404794,3805.249267578125,9291,SUPREMEIND.BO
2025-05-22,3781.926057155522,3810.3714100978923,3739.6560091794245,3801.76806640625,5098,SUPREMEIND.BO
2025-05-23,3779.4396312268195,3907.691882780437,3767.405002641623,3888.34716796875,21011,SUPREMEIND.BO
2025-05-26,3890.8337296433283,4028.0870667319737,3886.656502730653,4014.113037109375,15719,SUPREMEIND.BO
2025-05-27,4027.4899681518236,4198.161595679747,3984.8719607105068,4177.8720703125,15285,SUPREMEIND.BO
2025-05-28,4186.823412267406,4249.880279739466,4146.4429876512595,4234.06640625,14814,SUPREMEIND.BO
2025-05-29,4202.73712980895,4262.810233356469,4156.040962511654,4225.41357421875,13388,SUPREMEIND.BO
2025-05-30,4225.413645874733,4233.867656046921,4067.87077697031,4129.38623046875,10662,SUPREMEIND.BO
2025-06-02,4127.545934305539,4209.05272839654,4097.509140720637,4183.740234375,7143,SUPREMEIND.BO
2025-06-03,4231.977781322436,4246.896621914642,4153.5047769353005,4168.02587890625,6722,SUPREMEIND.BO
2025-06-04,4214.373427080032,4283.050115828293,4178.518673834024,4269.37451171875,5255,SUPREMEIND.BO
2025-06-05,4269.374331636798,4335.11678465644,4246.8965152479,4329.29833984375,7812,SUPREMEIND.BO
2025-06-06,4326.4143248552555,4330.243105507283,4234.663453339995,4319.55126953125,2991,SUPREMEIND.BO
2025-06-09,4358.191239004443,4396.731578645951,4326.165751382728,4376.740234375,1944,SUPREMEIND.BO
2025-06-10,4348.096182179281,4406.031014365921,4337.453881410285,4381.66357421875,1588,SUPREMEIND.BO
2025-06-11,4376.242945677605,4405.334685963068,4310.600044520664,4325.220703125,1336,SUPREMEIND.BO
2025-06-12,4346.306321774879,4354.312572518848,4204.626861654508,4258.28515625,1963,SUPREMEIND.BO
2025-06-13,4202.140217808516,4347.25071423763,4186.923194234088,4328.353515625,6277,SUPREMEIND.BO
2025-06-16,4315.971147221114,4594.306601083056,4228.994110315538,4531.2001953125,13659,SUPREMEIND.BO
2025-06-17,4512.153698187198,4714.353518776897,4512.153698187198,4622.35400390625,15192,SUPREMEIND.BO
2025-06-18,4615.342404657395,4695.9041430755515,4560.043138936323,4588.88623046875,8290,SUPREMEIND.BO
2025-06-19,4575.1608467181595,4586.101330289146,4396.980250051297,4411.75,5654,SUPREMEIND.BO
2025-06-20,4351.0498046875,4500.0,4351.0498046875,4468.39990234375,2510,SUPREMEIND.BO
2025-06-23,4350.2998046875,4511.0,4267.39990234375,4488.89990234375,14306,SUPREMEIND.BO
2025-06-24,4485.0,4578.25,4458.85009765625,4473.60009765625,7635,SUPREMEIND.BO
2025-06-25,4405.0498046875,4478.89990234375,4381.4501953125,4408.89990234375,5426,SUPREMEIND.BO
2025-06-26,4478.9501953125,4478.9501953125,4333.9501953125,4374.5498046875,3760,SUPREMEIND.BO
2025-06-27,4419.64990234375,4419.64990234375,4301.0,4344.7998046875,3950,SUPREMEIND.BO
2025-06-30,4374.5498046875,4399.0,4316.89990234375,4392.2998046875,2906,SUPREMEIND.BO
2025-07-01,4443.35009765625,4443.35009765625,4362.14990234375,4374.25,3169,SUPREMEIND.BO
2025-07-02,4349.75,4370.4501953125,4268.5,4301.4501953125,2053,SUPREMEIND.BO
2025-07-03,4339.25,4339.25,4251.10009765625,4258.85009765625,1845,SUPREMEIND.BO
2025-07-04,4266.5498046875,4311.0,4238.14990234375,4261.64990234375,1187,SUPREMEIND.BO
2025-07-07,4299.9501953125,4299.9501953125,4242.0,4273.14990234375,981,SUPREMEIND.BO
2025-07-08,4272.5,4272.5,4179.4501953125,4197.0,1305,SUPREMEIND.BO
2025-07-09,4210.0498046875,4238.2998046875,4186.89990234375,4195.0498046875,2406,SUPREMEIND.BO
2025-07-10,4210.0,4251.75,4141.0,4150.0,4443,SUPREMEIND.BO
2025-07-11,4170.2998046875,4170.2998046875,4080.0,4108.9501953125,4317,SUPREMEIND.BO
2025-07-14,4214.35009765625,4214.35009765625,4060.85009765625,4111.2998046875,30083,SUPREMEIND.BO
2025-07-15,4139.0,4247.75,4128.7001953125,4243.5498046875,3576,SUPREMEIND.BO
2025-07-16,4243.5498046875,4246.39990234375,4181.14990234375,4236.35009765625,2337,SUPREMEIND.BO
2025-07-17,4245.0,4274.9501953125,4225.60009765625,4262.9501953125,3942,SUPREMEIND.BO
2025-07-18,4255.25,4259.64990234375,4200.0,4213.7998046875,1951,SUPREMEIND.BO
2025-07-21,4228.10009765625,4349.0,4170.14990234375,4202.7998046875,4651,SUPREMEIND.BO
2025-07-22,4207.0498046875,4227.35009765625,4052.0,4089.5,12669,SUPREMEIND.BO
2025-07-23,4081.64990234375,4193.0,4055.050048828125,4132.2998046875,6189,SUPREMEIND.BO
2025-07-24,4122.9501953125,4258.0,4020.0,4239.60009765625,14597,SUPREMEIND.BO
2025-07-25,4148.0498046875,4341.0,4148.0498046875,4318.10009765625,8444,SUPREMEIND.BO
2025-07-28,4264.7001953125,4360.0,4230.64990234375,4294.0498046875,7029,SUPREMEIND.BO
2025-07-29,4305.0,4375.85009765625,4298.7001953125,4326.0,3346,SUPREMEIND.BO
2025-07-30,4328.0498046875,4328.0498046875,4150.0,4260.25,3155,SUPREMEIND.BO
2025-07-31,4266.14990234375,4329.0,4236.7001953125,4307.25,1851,SUPREMEIND.BO
2025-08-01,4300.75,4343.2998046875,4234.85009765625,4245.89990234375,4040,SUPREMEIND.BO
2025-08-04,4200.0498046875,4303.7998046875,4192.25,4296.2998046875,1420,SUPREMEIND.BO
2025-08-05,4273.5498046875,4300.9501953125,4241.7998046875,4268.25,1863,SUPREMEIND.BO
2025-08-06,4255.64990234375,4266.7998046875,4157.2001953125,4178.25,1739,SUPREMEIND.BO
2025-08-07,4191.75,4194.39990234375,4105.39990234375,4173.4501953125,1605,SUPREMEIND.BO
2025-08-08,4116.0498046875,4170.0,4116.0498046875,4151.5,11356,SUPREMEIND.BO
2025-08-11,4125.0498046875,4360.0,4125.0498046875,4354.2998046875,12789,SUPREMEIND.BO
2025-08-12,4354.9501953125,4354.9501953125,4207.9501953125,4220.75,2352,SUPREMEIND.BO
2025-08-13,4239.89990234375,4335.0,4239.89990234375,4295.60009765625,4920,SUPREMEIND.BO
2025-08-14,4310.64990234375,4330.0,4271.0,4298.2001953125,2159,SUPREMEIND.BO
2025-08-18,4271.0498046875,4516.25,4271.0498046875,4494.14990234375,19033,SUPREMEIND.BO
2025-08-19,4500.0,4614.10009765625,4489.85009765625,4594.5498046875,6292,SUPREMEIND.BO
2025-08-20,4558.64990234375,4616.0,4530.0,4539.10009765625,2236,SUPREMEIND.BO
2025-08-21,4578.9501953125,4647.14990234375,4526.89990234375,4570.0498046875,9356,SUPREMEIND.BO
2025-08-22,4569.89990234375,4659.2998046875,4556.0,4627.39990234375,3502,SUPREMEIND.BO
2025-08-25,4655.14990234375,4662.39990234375,4587.2001953125,4630.0498046875,2437,SUPREMEIND.BO
2025-08-26,4603.2998046875,4657.60009765625,4555.7001953125,4578.39990234375,1712,SUPREMEIND.BO
2025-08-28,4541.35009765625,4605.0,4482.4501953125,4507.7998046875,3407,SUPREMEIND.BO
2025-08-29,4490.0498046875,4518.0,4448.9501953125,4469.5498046875,4675,SUPREMEIND.BO
2025-09-01,4567.7998046875,4584.4501953125,4495.75,4575.4501953125,1536,SUPREMEIND.BO
2025-09-02,4547.0498046875,4630.0,4542.9501953125,4590.0,1589,SUPREMEIND.BO
2025-09-03,4635.89990234375,4638.5,4579.89990234375,4631.89990234375,1467,SUPREMEIND.BO
2025-09-04,4653.9501953125,4653.9501953125,4554.5,4588.0,3479,SUPREMEIND.BO
2025-09-05,4580.0498046875,4629.9501953125,4546.75,4577.60009765625,2047,SUPREMEIND.BO
2025-09-08,4580.0,4583.10009765625,4445.0,4456.89990234375,5428,SUPREMEIND.BO
2025-09-09,4457.0,4477.4501953125,4300.0,4376.85009765625,3361,SUPREMEIND.BO
2025-09-10,4348.7001953125,4380.14990234375,4250.0,4285.7001953125,10042,SUPREMEIND.BO
2025-09-11,4290.0,4380.0,4271.89990234375,4351.75,4405,SUPREMEIND.BO
2025-09-12,4338.0498046875,4546.0,4338.0498046875,4535.5,8095,SUPREMEIND.BO
2025-09-15,4532.64990234375,4532.64990234375,4452.35009765625,4491.9501953125,1818,SUPREMEIND.BO
2025-09-16,4506.89990234375,4631.0,4478.0,4594.7998046875,4605,SUPREMEIND.BO
2025-09-17,4649.9501953125,4649.9501953125,4502.2001953125,4509.7001953125,3315,SUPREMEIND.BO
2025-09-18,4509.7001953125,4541.5498046875,4460.85009765625,4472.7998046875,3637,SUPREMEIND.BO
2025-09-19,4475.25,4483.0498046875,4383.35009765625,4411.5,4967,SUPREMEIND.BO
2025-09-22,4400.5498046875,4436.9501953125,4360.0,4370.60009765625,2838,SUPREMEIND.BO
2025-09-23,4370.64990234375,4395.0,4320.2998046875,4330.5498046875,1480,SUPREMEIND.BO
2025-09-24,4339.89990234375,4384.9501953125,4307.85009765625,4350.89990234375,3067,SUPREMEIND.BO
2025-09-25,4364.9501953125,4369.2998046875,4260.0,4269.75,2182,SUPREMEIND.BO
2025-09-26,4270.0498046875,4340.0,4220.39990234375,4234.2001953125,10732,SUPREMEIND.BO
2025-09-29,4200.14990234375,4243.7998046875,4190.2001953125,4210.85009765625,4550,SUPREMEIND.BO
